,t,o,h,l,c,v
0,1310980500,250,252,224,229,573081.0
1,1311066900,229,236,229,236,484630.0
2,1311153300,241,245,237,242,311255.0
3,1311239700,240,246,240,244,496433.0
4,1311498900,240,240,224,235,300761.0
5,1311585300,231,231,231,231,21528.0
6,1311671700,226,226,223,225,232584.0
7,1311758100,224,231,222,231,741825.0
8,1311844500,232,233,228,230,210095.0
9,1312103700,225,225,221,223,189990.0
10,1312190100,223,224,222,223,173921.0
11,1312276500,223,226,222,226,212773.0
12,1312362900,224,224,220,221,232526.0
13,1312449300,220,224,220,224,40247.0
14,1312881300,219,219,210,211,246655.0
15,1312967700,209,220,207,220,391132.0
16,1313054100,224,224,217,217,39562.0
17,1313399700,219,222,216,218,509864.0
18,1313486100,215,219,215,218,355108.0
19,1313572500,216,220,216,220,223898.0
20,1313658900,219,219,217,218,110796.0
21,1314004500,217,217,216,216,35515.0
22,1314090900,214,216,214,214,143813.0
23,1314177300,214,216,212,212,189257.0
24,1314263700,210,210,209,210,134099.0
25,1314522900,207,207,190,190,29946.0
26,1314609300,185,185,170,170,232649.0
27,1314695700,170,177,166,177,2255471.0
28,1314868500,176,178,174,176,450574.0
29,1315127700,174,174,173,174,231224.0
30,1315214100,173,173,170,170,336003.0
31,1315300500,167,170,164,164,468291.0
32,1315386900,160,164,160,161,209825.0
33,1315473300,160,160,158,158,346142.0
34,1315818900,160,160,156,160,114079.0
35,1315905300,161,169,161,169,59818.0
36,1315991700,166,166,161,162,246603.0
37,1316078100,162,165,162,165,41472.0
38,1316337300,162,162,158,160,121057.0
39,1316423700,162,164,160,164,214861.0
40,1316510100,165,167,162,167,56988.0
41,1316596500,165,169,165,169,73669.0
42,1316682900,173,173,170,171,83378.0
43,1316942100,171,171,167,167,59439.0
44,1317028500,171,171,169,169,53577.0
45,1317114900,167,169,167,167,145785.0
46,1317287700,171,171,170,170,116878.0
47,1317546900,174,174,174,174,75168.0
48,1318497300,174,175,174,175,162552.0
49,1318756500,178,178,173,173,77409.0
50,1318842900,172,172,169,169,183384.0
51,1318929300,172,172,168,169,88402.0
52,1319015700,171,171,166,166,105800.0
53,1319102100,164,167,161,167,351641.0
54,1319361300,166,166,163,163,77920.0
55,1319447700,163,163,157,160,143553.0
56,1319534100,158,163,151,163,422374.0
57,1319966100,160,160,160,160,6343.0
58,1320052500,160,162,160,162,93611.0
59,1320225300,165,178,165,177,406404.0
60,1320311700,181,181,166,166,325984.0
61,1320570900,166,166,160,160,339702.0
62,1320743700,160,160,158,159,152176.0
63,1320830100,159,159,158,158,218341.0
64,1320916500,158,158,157,157,97028.0
65,1321175700,154,155,154,155,35573.0
66,1321262100,158,158,154,155,135198.0
67,1321434900,156,156,156,156,74021.0
68,1321521300,159,162,159,162,6151.0
69,1321780500,160,160,157,158,131019.0
70,1321866900,157,157,155,155,29439.0
71,1321953300,155,155,154,155,223500.0
72,1322039700,154,154,154,154,35855.0
73,1322126100,154,154,153,153,37104.0
74,1322385300,154,158,154,158,59780.0
75,1322471700,155,156,155,156,33195.0
76,1322558100,154,156,154,154,51466.0
77,1322644500,154,157,154,154,58540.0
78,1322730900,155,158,155,155,64768.0
79,1322990100,158,160,158,158,240001.0
80,1323076500,157,157,157,157,37192.0
81,1323162900,157,157,157,157,84800.0
82,1323249300,156,158,155,156,144841.0
83,1323335700,155,155,155,155,78414.0
84,1323594900,157,158,151,151,245360.0
85,1323681300,149,149,146,146,275044.0
86,1323767700,147,147,144,146,321027.0
87,1323854100,149,151,146,151,69933.0
88,1323940500,149,149,146,149,413240.0
89,1324286100,149,149,148,148,102580.0
90,1324372500,148,148,147,148,118083.0
91,1324458900,150,152,144,149,310452.0
92,1324545300,146,149,146,147,365021.0
93,1324890900,148,148,147,147,125319.0
94,1324977300,144,152,144,152,169836.0
95,1325063700,149,154,147,154,320929.0
96,1325150100,151,161,151,161,213921.0
97,1325409300,158,162,157,162,204872.0
98,1325495700,163,168,163,166,263070.0
99,1325582100,167,169,165,165,690343.0
100,1325668500,161,161,155,159,123643.0
101,1325754900,161,161,158,158,30284.0
102,1326014100,156,156,150,153,1170669.0
103,1326100500,153,156,153,156,48124.0
104,1326186900,158,158,156,156,162198.0
105,1326273300,156,161,156,161,247052.0
106,1326359700,164,166,158,166,203848.0
107,1326705300,163,163,160,162,60256.0
108,1326791700,158,159,151,158,563622.0
109,1326964500,156,163,153,163,416037.0
110,1327223700,160,160,154,154,310443.0
111,1327310100,153,156,152,154,305691.0
112,1327482900,153,155,152,155,108310.0
113,1327569300,152,153,152,153,98786.0
114,1327828500,151,153,151,153,120093.0
115,1328001300,156,156,155,155,35123.0
116,1328087700,155,155,153,153,60678.0
117,1328174100,153,157,153,157,94719.0
118,1328433300,155,155,152,153,250299.0
119,1328519700,153,153,152,152,130999.0
120,1328606100,151,153,151,153,197572.0
121,1328692500,153,155,153,155,45877.0
122,1328778900,153,155,153,155,107085.0
123,1329038100,153,156,152,156,437724.0
124,1329124500,156,161,153,161,226158.0
125,1329210900,160,160,158,158,112143.0
126,1329297300,158,158,156,156,44755.0
127,1329383700,156,157,153,157,318872.0
128,1329815700,154,157,154,157,42152.0
129,1329988500,156,157,156,157,19587.0
130,1330247700,153,158,153,156,252368.0
131,1330334100,153,156,153,156,260667.0
132,1330420500,156,160,156,160,208651.0
133,1330506900,159,160,158,158,151203.0
134,1330593300,160,164,159,164,128601.0
135,1330852500,160,161,160,161,150423.0
136,1330938900,164,164,159,163,147077.0
137,1331025300,163,163,161,163,77443.0
138,1331457300,162,163,160,163,93198.0
139,1331543700,162,163,162,162,65718.0
140,1331630100,159,162,159,162,128612.0
141,1331716500,159,161,158,158,97592.0
142,1331802900,157,157,154,157,110850.0
143,1332062100,157,160,157,160,42488.0
144,1332148500,160,163,158,163,72298.0
145,1332234900,159,161,156,161,78271.0
146,1332321300,158,162,157,162,230510.0
147,1332666900,159,162,156,162,133440.0
148,1332753300,158,158,158,158,12557.0
149,1332839700,161,161,157,160,86495.0
150,1332926100,157,160,157,160,80172.0
151,1333012500,157,160,157,160,16186.0
152,1333271700,157,157,154,157,243824.0
153,1333358100,159,162,157,162,69312.0
154,1333444500,160,165,160,161,37011.0
155,1333530900,164,166,162,166,27890.0
156,1333876500,163,165,162,165,83026.0
157,1333962900,163,166,163,166,238127.0
158,1334049300,164,165,164,164,64645.0
159,1334135700,167,171,163,167,311379.0
160,1334222100,170,183,170,183,379284.0
161,1334481300,186,199,186,199,577024.0
162,1334654100,202,218,183,184,777116.0
163,1334740500,181,199,175,199,549012.0
164,1334826900,203,211,199,208,1023214.0
165,1335086100,208,222,208,222,1198230.0
166,1335258900,226,244,226,244,338854.0
167,1335345300,249,268,249,268,1535853.0
168,1335431700,274,286,258,286,2824196.0
169,1335690900,281,284,270,277,2026834.0
170,1335777300,272,272,255,258,1121486.0
171,1335950100,253,253,233,233,351391.0
172,1336036500,237,256,237,256,211053.0
173,1336382100,261,282,261,282,578831.0
174,1336468500,287,293,272,282,1819188.0
175,1336554900,287,287,261,269,2886114.0
176,1336641300,264,268,256,262,1487536.0
177,1336900500,258,258,238,241,679117.0
178,1336986900,235,235,222,225,916373.0
179,1337073300,225,248,225,248,947531.0
180,1337159700,248,273,248,273,468695.0
181,1337246100,278,289,263,268,2693136.0
182,1337505300,263,269,257,268,697076.0
183,1337591700,263,270,258,267,1664194.0
184,1337678100,262,266,255,266,698020.0
185,1337764500,260,260,245,245,238481.0
186,1337850900,240,258,240,253,1200485.0
187,1338110100,258,267,253,263,1964160.0
188,1338282900,258,258,247,247,11708.0
189,1338369300,242,242,223,223,140256.0
190,1338455700,218,226,206,222,1896236.0
191,1338714900,224,244,224,242,1041043.0
192,1338801300,242,242,233,238,858009.0
193,1338887700,233,233,224,229,394190.0
194,1338974100,225,225,220,223,1595453.0
195,1339060500,224,233,224,226,537458.0
196,1339319700,223,224,219,223,552590.0
197,1339406100,227,232,222,222,210731.0
198,1339492500,222,224,221,224,361799.0
199,1339578900,225,225,222,225,70110.0
200,1339665300,224,224,221,224,319268.0
201,1339924500,222,223,220,223,107564.0
202,1340010900,225,226,222,224,112952.0
203,1340097300,219,224,219,224,220436.0
204,1340183700,228,233,221,224,79905.0
205,1340270100,224,224,222,223,256609.0
206,1340615700,221,233,221,233,265854.0
207,1340702100,229,229,224,226,128035.0
208,1340788500,231,233,229,231,474387.0
209,1340874900,235,240,231,234,457574.0
210,1341134100,231,233,231,233,417185.0
211,1341220500,230,231,229,230,286917.0
212,1341306900,231,236,231,236,486162.0
213,1341393300,240,245,236,241,297777.0
214,1341479700,235,239,235,239,297598.0
215,1341738900,236,236,233,236,459633.0
216,1341825300,233,237,233,235,337350.0
217,1341911700,239,241,238,240,362164.0
218,1341998100,242,243,242,242,511320.0
219,1342084500,242,243,241,243,423251.0
220,1342343700,247,252,247,250,456541.0
221,1342430100,248,249,248,249,356012.0
222,1342516500,249,253,249,253,1080237.0
223,1342602900,258,258,253,255,969982.0
224,1342689300,259,266,258,264,568159.0
225,1342948500,264,273,264,273,1777503.0
226,1343034900,273,277,273,274,1570833.0
227,1343121300,275,275,267,273,1370396.0
228,1343207700,274,275,270,272,1160839.0
229,1343294100,271,271,268,268,773213.0
230,1343380500,264,264,264,264,2085.0
231,1343553300,268,268,265,266,396128.0
232,1343639700,264,269,262,268,857810.0
233,1343726100,267,270,266,268,275362.0
234,1343812500,270,272,268,270,946363.0
235,1344158100,266,272,266,272,415534.0
236,1344244500,273,274,272,273,386740.0
237,1344330900,273,275,272,274,420945.0
238,1344417300,273,273,270,272,500091.0
239,1344762900,268,270,268,268,215027.0
240,1344849300,274,277,269,270,1295631.0
241,1344935700,272,272,268,269,573008.0
242,1345022100,270,270,267,268,1076492.0
243,1345108500,269,273,267,272,1056750.0
244,1345367700,266,268,266,268,162964.0
245,1345540500,264,271,264,271,1063275.0
246,1345626900,268,272,268,270,441836.0
247,1345713300,271,271,266,271,660700.0
248,1345972500,271,271,264,266,238856.0
249,1346058900,267,268,266,268,447939.0
250,1346145300,267,268,266,266,509741.0
251,1346231700,264,266,263,266,531392.0
252,1346318100,263,266,259,266,595256.0
253,1346577300,268,270,266,270,608591.0
254,1346663700,268,272,268,270,311337.0
255,1346750100,265,269,265,269,289899.0
256,1346836500,270,270,266,268,288256.0
257,1346922900,268,268,266,266,958084.0
258,1347182100,265,267,265,267,435500.0
259,1347268500,266,266,264,264,217975.0
260,1347354900,268,281,268,275,3046546.0
261,1347441300,277,278,274,274,2176829.0
262,1347527700,273,275,273,274,765121.0
263,1347786900,274,275,274,275,441424.0
264,1347873300,274,275,274,275,558650.0
265,1347959700,277,277,275,275,388844.0
266,1348046100,275,275,274,274,431450.0
267,1348132500,272,272,267,272,150090.0
268,1348391700,266,270,266,268,390110.0
269,1348478100,265,266,260,266,376177.0
270,1348564500,263,265,261,264,807840.0
271,1348650900,263,268,258,260,2552637.0
272,1348737300,260,262,260,262,428440.0
273,1348996500,266,266,258,258,448022.0
274,1349082900,259,264,258,259,1847791.0
275,1349169300,258,261,254,256,2252868.0
276,1349255700,258,258,256,256,87937.0
277,1349342100,254,257,251,257,292947.0
278,1349601300,258,261,258,261,428479.0
279,1349687700,261,265,261,262,236088.0
280,1349774100,260,265,260,265,215117.0
281,1349860500,262,263,261,263,92940.0
282,1349946900,260,260,258,258,154115.0
283,1350206100,258,264,258,264,73757.0
284,1350292500,265,265,265,265,10861.0
285,1350465300,265,265,265,265,88152.0
286,1350551700,259,266,259,266,266863.0
287,1351588500,270,279,270,279,128285.0
288,1351674900,284,284,279,284,362004.0
289,1351761300,280,285,278,285,610899.0
290,1352020500,285,294,285,289,274276.0
291,1352106900,294,299,292,292,240189.0
292,1352193300,298,303,297,300,1080691.0
293,1352279700,307,330,307,330,865655.0
294,1352366100,337,359,337,343,3012935.0
295,1352625300,343,343,314,322,1635257.0
296,1352711700,322,333,319,333,973685.0
297,1353230100,333,343,333,343,2820902.0
298,1353402900,349,358,349,354,1944412.0
299,1353489300,358,358,348,350,1193633.0
300,1353575700,343,345,338,345,1890992.0
301,1353834900,342,346,338,342,3203646.0
302,1353921300,338,341,335,337,847468.0
303,1354007700,337,339,335,339,1246736.0
304,1354094100,334,342,333,342,909720.0
305,1354180500,335,335,332,333,269757.0
306,1354439700,333,333,325,330,1691943.0
307,1354526100,329,333,320,333,566860.0
308,1354612500,338,340,333,334,901848.0
309,1354698900,341,345,337,343,3263715.0
310,1354785300,337,342,337,342,1232825.0
311,1355044500,335,337,331,331,374970.0
312,1355130900,329,331,324,331,808433.0
313,1355217300,331,334,330,331,387504.0
314,1355303700,331,339,331,338,599674.0
315,1355390100,344,344,334,340,322530.0
316,1355649300,347,350,342,349,2742745.0
317,1355735700,350,360,350,356,3352758.0
318,1355822100,349,349,342,348,1527757.0
319,1355908500,348,355,348,353,2335695.0
320,1355994900,349,356,349,355,2299997.0
321,1356254100,353,359,353,359,2432998.0
322,1356340500,356,360,354,358,3802225.0
323,1356513300,356,371,356,369,3178869.0
324,1356599700,350,389,344,389,4366348.0
325,1356945300,386,387,367,387,2375639.0
326,1357031700,388,388,379,379,1686632.0
327,1357118100,374,384,374,379,2032206.0
328,1357204500,379,386,379,385,3404164.0
329,1357463700,386,388,383,383,822268.0
330,1357550100,383,384,377,380,2909639.0
331,1357636500,380,380,377,378,368746.0
332,1357722900,376,377,374,377,780889.0
333,1357809300,374,375,370,374,1248680.0
334,1358068500,377,380,375,377,1126762.0
335,1358241300,377,381,377,377,1099425.0
336,1358327700,378,380,374,377,1083380.0
337,1358414100,374,374,369,370,1519943.0
338,1358673300,363,363,351,354,1200812.0
339,1358759700,361,368,361,363,268009.0
340,1358846100,370,370,363,366,688067.0
341,1358932500,366,366,359,361,1026269.0
342,1359018900,363,366,360,366,2229270.0
343,1359278100,366,366,363,366,913342.0
344,1359364500,367,367,363,366,1174628.0
345,1359537300,366,366,361,362,3431468.0
346,1359623700,361,364,361,361,1365201.0
347,1359882900,367,371,364,370,2647210.0
348,1359969300,370,371,366,370,846503.0
349,1360055700,371,371,366,366,1568868.0
350,1360142100,366,367,364,367,2650799.0
351,1360228500,366,367,366,366,610820.0
352,1360487700,374,385,374,378,2805740.0
353,1360660500,385,396,385,395,3119851.0
354,1360746900,387,395,384,391,3418948.0
355,1360833300,398,400,397,399,3469679.0
356,1360919700,399,399,399,399,1889.0
357,1361092500,408,439,408,432,2306296.0
358,1361265300,441,457,425,426,7595733.0
359,1361351700,426,427,414,420,2487158.0
360,1361438100,416,433,416,423,3120339.0
361,1361697300,424,424,420,423,1146015.0
362,1361783700,432,445,423,431,1577128.0
363,1361870100,439,439,429,433,3227613.0
364,1361956500,427,428,425,427,1196830.0
365,1362042900,427,432,426,432,969675.0
366,1362302100,427,432,427,431,2483381.0
367,1362388500,429,431,428,429,2010346.0
368,1362474900,428,432,424,426,3793903.0
369,1362561300,425,433,424,432,891068.0
370,1362647700,432,440,423,440,2803140.0
371,1362993300,443,443,429,434,1610901.0
372,1363166100,436,436,427,436,2344718.0
373,1363252500,444,457,434,439,2009938.0
374,1363338900,439,439,439,439,2075.0
375,1363511700,437,438,434,435,1737049.0
376,1363598100,435,436,425,429,722478.0
377,1363684500,424,439,424,432,1274316.0
378,1363770900,432,434,428,429,465361.0
379,1363857300,427,434,427,429,337201.0
380,1364116500,423,423,416,419,1978751.0
381,1364202900,411,423,411,423,1769622.0
382,1364375700,432,432,420,423,1531680.0
383,1364462100,420,423,416,423,2910905.0
384,1364721300,416,418,408,408,1643265.0
385,1364807700,404,414,399,410,2496156.0
386,1364894100,402,424,402,418,1771692.0
387,1364980500,416,420,416,416,1144368.0
388,1365066900,416,416,411,413,1578469.0
389,1365326100,407,413,407,408,1167549.0
390,1365412500,408,416,408,411,508923.0
391,1365498900,411,423,411,423,1695764.0
392,1365671700,423,424,419,421,2310529.0
393,1365758100,420,420,420,420,4637.0
394,1366017300,415,423,415,419,1255720.0
395,1366103700,416,421,415,418,2142113.0
396,1366190100,412,417,412,412,758672.0
397,1366276500,416,418,412,415,1147252.0
398,1366535700,419,419,412,416,730240.0
399,1366622100,416,416,399,403,2427072.0
400,1366708500,408,419,408,412,1288436.0
401,1366881300,411,411,407,407,816118.0
402,1367140500,406,406,404,404,1120084.0
403,1367226900,404,410,404,404,960071.0
404,1367313300,408,408,404,404,328311.0
405,1367486100,404,405,398,404,682760.0
406,1367745300,407,407,392,396,729872.0
407,1367831700,390,391,383,383,512505.0
408,1367918100,386,397,383,389,2356714.0
409,1368004500,388,388,386,386,142431.0
410,1368090900,388,389,384,384,605676.0
411,1368177300,384,384,384,384,3641.0
412,1368350100,384,392,379,383,2300704.0
413,1368436500,386,392,383,392,1339637.0
414,1368522900,391,393,386,386,2254568.0
415,1368609300,391,393,386,387,5593321.0
416,1368695700,388,399,388,399,1256184.0
417,1368954900,399,403,392,394,6600116.0
418,1369041300,402,402,395,399,1591340.0
419,1369127700,398,400,398,399,2071160.0
420,1369214100,399,402,396,399,1368855.0
421,1369300500,398,399,394,399,2175838.0
422,1369386900,399,399,399,399,4399.0
423,1369559700,399,399,398,398,744934.0
424,1369646100,402,412,402,412,919383.0
425,1369732500,408,408,402,402,644409.0
426,1369905300,402,402,399,399,1613338.0
427,1369991700,394,394,394,394,3727.0
428,1370164500,399,400,395,395,1153977.0
429,1370250900,399,402,399,399,421668.0
430,1370337300,400,400,398,399,371875.0
431,1370423700,399,399,399,399,224245.0
432,1370510100,398,399,395,399,469125.0
433,1370769300,398,398,398,398,1078547.0
434,1370855700,396,398,396,398,2131400.0
435,1370942100,399,400,399,400,397538.0
436,1371028500,398,398,396,397,507707.0
437,1371114900,396,396,394,394,1067987.0
438,1371374100,394,398,394,397,666032.0
439,1371460500,395,395,392,392,895174.0
440,1371546900,389,393,389,392,625944.0
441,1371633300,392,393,390,393,1063041.0
442,1371719700,391,391,390,391,1119107.0
443,1371978900,391,392,388,391,326140.0
444,1372065300,393,393,390,391,501860.0
445,1372151700,391,395,391,395,1234980.0
446,1372238100,395,408,395,403,1303804.0
447,1372324500,408,408,399,405,1054290.0
448,1372583700,405,405,395,399,1066464.0
449,1372670100,400,401,399,399,1225719.0
450,1372756500,399,399,398,399,547096.0
451,1372842900,397,400,394,398,1070986.0
452,1372929300,398,399,396,398,1025852.0
453,1373188500,397,399,395,398,1389541.0
454,1373274900,399,400,397,399,1806434.0
455,1373361300,400,407,400,407,1027117.0
456,1373447700,408,413,407,412,3252476.0
457,1373534100,410,410,408,408,406537.0
458,1373793300,408,411,408,408,799425.0
459,1373879700,414,416,414,415,361499.0
460,1373966100,410,416,410,411,1573452.0
461,1374052500,411,416,411,416,2240753.0
462,1374138900,414,427,414,426,3420390.0
463,1374398100,434,450,432,436,3611608.0
464,1374484500,436,437,431,431,699965.0
465,1374570900,427,439,427,439,620989.0
466,1374657300,432,434,421,432,1964572.0
467,1374743700,434,435,429,432,1334868.0
468,1374830100,423,423,423,423,6003.0
469,1375002900,429,438,429,435,1563664.0
470,1375089300,436,436,432,434,1753241.0
471,1375175700,434,437,434,436,2013557.0
472,1375262100,436,442,434,440,1652902.0
473,1375348500,440,445,434,436,1854646.0
474,1375607700,436,437,432,437,2197445.0
475,1375694100,434,434,432,433,754183.0
476,1375780500,433,435,431,434,1390684.0
477,1375866900,439,439,432,432,432259.0
478,1375953300,434,440,429,434,1822357.0
479,1376212500,426,428,423,427,583934.0
480,1376298900,427,427,421,423,1098081.0
481,1376385300,423,423,414,418,1755214.0
482,1376471700,423,424,416,416,723937.0
483,1376558100,418,421,416,421,432601.0
484,1376817300,421,421,416,416,850552.0
485,1376903700,418,423,418,420,1179678.0
486,1376990100,423,424,418,424,539171.0
487,1377422100,424,427,423,424,1056451.0
488,1377508500,420,424,420,423,1245350.0
489,1377594900,423,424,420,424,796196.0
490,1377767700,423,424,418,419,1296006.0
491,1378026900,420,420,418,418,518720.0
492,1378113300,416,416,416,416,525720.0
493,1378199700,411,417,411,416,2336243.0
494,1378286100,416,420,412,416,1487355.0
495,1378372500,411,416,411,416,2557806.0
496,1378458900,408,408,408,408,3855.0
497,1378631700,424,458,424,458,7142041.0
498,1378718100,459,466,448,449,5978922.0
499,1378804500,449,449,440,443,3915660.0
500,1378890900,445,447,443,447,4212930.0
501,1378977300,448,451,448,449,2497587.0
502,1379236500,449,456,448,455,6553144.0
503,1379322900,455,458,455,456,3340711.0
504,1379409300,455,458,453,457,7090298.0
505,1379582100,455,455,449,452,1633801.0
506,1379841300,452,452,445,451,1705063.0
507,1379927700,450,451,443,450,2191764.0
508,1380014100,448,455,448,452,3380278.0
509,1380100500,452,454,451,452,1989657.0
510,1380186900,455,457,452,455,599910.0
511,1380273300,452,452,452,452,7844.0
512,1380446100,452,455,450,451,1993153.0
513,1380532500,452,452,451,451,1378562.0
514,1380618900,459,459,451,452,2058831.0
515,1380705300,445,453,445,453,930624.0
516,1380791700,452,452,448,451,1665369.0
517,1381050900,451,452,450,452,983418.0
518,1381137300,452,456,452,455,1143620.0
519,1381223700,456,459,456,459,1801884.0
520,1381310100,459,460,457,458,2040215.0
521,1381396500,461,465,460,464,917579.0
522,1382001300,465,472,465,472,2478162.0
523,1382260500,468,491,468,491,6638640.0
524,1382346900,501,512,485,502,5034697.0
525,1382433300,502,502,480,491,5680749.0
526,1382519700,487,493,483,489,1960828.0
527,1382606100,489,493,483,493,2743886.0
528,1382692500,493,493,493,493,3889.0
529,1382865300,483,503,483,502,2557759.0
530,1382951700,509,509,500,502,4549622.0
531,1383038100,502,504,500,503,2367886.0
532,1383124500,503,504,501,502,6474428.0
533,1383210900,502,505,501,502,4317668.0
534,1383729300,502,502,500,501,1212971.0
535,1383815700,502,502,497,497,2549094.0
536,1384074900,497,501,496,496,1173912.0
537,1384161300,493,505,491,503,8385503.0
538,1384247700,504,514,502,504,3090127.0
539,1384334100,504,512,504,506,7171930.0
540,1384420500,508,516,502,509,7773666.0
541,1385025300,519,560,519,560,8983964.0
542,1385284500,571,587,549,576,6384613.0
543,1385370900,565,566,544,559,4386373.0
544,1385457300,554,558,544,546,4375480.0
545,1385543700,546,546,541,544,1578116.0
546,1385630100,533,544,533,544,2910216.0
547,1385889300,555,570,555,566,5005991.0
548,1385975700,571,571,565,569,4843898.0
549,1386062100,569,595,569,589,5865133.0
550,1386148500,597,623,597,621,6304230.0
551,1386234900,625,640,616,622,9659460.0
552,1386494100,629,638,617,628,18489940.0
553,1386580500,650,696,650,664,5231998.0
554,1386666900,664,664,649,654,1820010.0
555,1386753300,666,668,655,664,2150536.0
556,1386839700,666,666,649,650,1317666.0
557,1387098900,642,666,642,666,1305830.0
558,1387185300,670,691,670,691,780321.0
559,1387358100,699,699,691,699,990707.0
560,1387444500,696,696,654,695,4171590.0
561,1387703700,696,697,683,683,3554895.0
562,1387790100,675,675,650,650,1831402.0
563,1387876500,661,661,650,655,2111208.0
564,1388049300,667,673,655,658,4435641.0
565,1388308500,652,659,643,652,3914527.0
566,1388481300,652,652,638,641,2083485.0
567,1388567700,628,632,621,624,425420.0
568,1388654100,620,623,606,616,9812938.0
569,1388913300,613,616,608,616,4962764.0
570,1388999700,608,614,608,611,3258498.0
571,1389086100,608,619,599,616,4594125.0
572,1389172500,608,632,608,628,2477632.0
573,1389258900,629,630,616,630,1106168.0
574,1389518100,617,645,610,645,1817126.0
575,1389604500,655,655,645,652,1423371.0
576,1389690900,652,652,643,643,291019.0
577,1389863700,641,646,637,637,163718.0
578,1390122900,646,646,635,641,1498010.0
579,1390209300,628,638,628,633,999023.0
580,1390295700,623,631,608,617,1773745.0
581,1390382100,613,613,599,606,2377011.0
582,1390468500,594,608,594,603,1823159.0
583,1390727700,606,608,590,604,2195144.0
584,1390814100,610,610,601,601,663442.0
585,1390900500,604,604,591,596,2855316.0
586,1390986900,597,597,587,594,1419520.0
587,1391332500,598,598,585,597,3030720.0
588,1391418900,587,587,578,583,1586584.0
589,1391505300,583,585,580,584,645184.0
590,1391591700,583,597,583,597,1568521.0
591,1391678100,594,602,594,602,2854607.0
592,1391937300,601,608,601,608,847934.0
593,1392023700,621,646,621,624,3495302.0
594,1392110100,613,617,608,617,1978878.0
595,1392196500,611,616,606,609,1902928.0
596,1392282900,608,609,606,608,863140.0
597,1392542100,608,608,601,603,1041262.0
598,1392628500,608,608,603,605,655205.0
599,1392714900,604,610,604,610,782648.0
600,1392887700,608,620,608,608,446560.0
601,1393146900,615,623,608,611,4079604.0
602,1393233300,617,620,611,618,2572065.0
603,1393319700,617,617,608,617,1795000.0
604,1393406100,617,632,608,623,1177896.0
605,1393838100,617,617,597,599,1050733.0
606,1393924500,599,599,573,584,2546686.0
607,1394010900,580,606,580,606,1457709.0
608,1394097300,594,594,580,584,1501136.0
609,1394356500,596,596,576,580,1145549.0
610,1394442900,581,581,569,574,817563.0
611,1394529300,575,575,568,574,1510471.0
612,1394615700,571,571,541,566,4334475.0
613,1394702100,557,559,550,552,2092244.0
614,1395047700,545,546,533,538,1647144.0
615,1395134100,538,541,521,521,2438826.0
616,1395220500,518,543,518,534,4392248.0
617,1395306900,533,553,533,553,2297055.0
618,1395566100,545,550,545,547,1619518.0
619,1395652500,553,562,553,555,912303.0
620,1395738900,545,553,545,550,1144685.0
621,1395825300,542,550,542,542,667793.0
622,1395911700,546,552,544,550,1984758.0
623,1396257300,550,554,550,550,907972.0
624,1396343700,552,557,545,550,2472487.0
625,1396430100,550,557,550,550,3552085.0
626,1396516500,559,565,555,565,1239835.0
627,1396775700,571,580,569,569,393120.0
628,1396862100,558,565,549,564,2713184.0
629,1397034900,554,568,550,568,1663379.0
630,1397121300,571,580,568,576,2036854.0
631,1397380500,571,583,571,578,3998492.0
632,1397553300,578,581,578,578,521225.0
633,1397639700,574,577,571,576,550823.0
634,1397726100,574,574,563,563,1435067.0
635,1397985300,565,565,564,565,1910522.0
636,1398071700,565,565,557,559,1088703.0
637,1398158100,561,568,559,559,336748.0
638,1398244500,559,562,556,562,619389.0
639,1398590100,559,559,548,550,1192416.0
640,1398676500,557,557,548,553,922136.0
641,1398762900,553,553,553,553,39258.0
642,1398849300,553,562,553,562,288870.0
643,1399194900,558,562,552,561,2777901.0
644,1399281300,562,569,562,568,1507605.0
645,1399367700,579,602,579,588,2370920.0
646,1399454100,599,612,591,591,1995900.0
647,1399540500,585,585,580,583,1195616.0
648,1399799700,583,591,578,583,1428844.0
649,1399886100,590,591,578,584,1854562.0
650,1399972500,580,588,576,580,944575.0
651,1400145300,585,588,568,568,1612349.0
652,1400404500,566,569,563,565,3117403.0
653,1400490900,565,565,545,558,4200220.0
654,1400577300,561,562,551,555,3355321.0
655,1400663700,553,558,548,555,3229366.0
656,1400750100,555,558,539,539,18587144.0
657,1401009300,528,564,518,557,24192940.0
658,1401095700,557,576,550,576,7899400.0
659,1401182100,568,568,558,565,4962015.0
660,1401268500,562,576,562,575,3620323.0
661,1401614100,571,594,571,590,7078220.0
662,1401700500,585,599,585,594,8311125.0
663,1401786900,599,606,596,599,5656063.0
664,1401873300,596,601,594,601,5368194.0
665,1401959700,599,601,590,595,3908437.0
666,1402218900,594,608,594,602,4571066.0
667,1402305300,604,613,602,611,6073665.0
668,1402391700,613,623,613,621,6127496.0
669,1402478100,621,635,617,626,7035431.0
670,1402564500,626,633,616,626,5477591.0
671,1402823700,633,689,626,675,10073082.0
672,1402910100,682,690,670,685,12030138.0
673,1402996500,673,699,670,684,7210448.0
674,1403082900,686,687,677,677,2466908.0
675,1403169300,664,664,657,658,3603051.0
676,1403514900,645,648,633,637,7125097.0
677,1403601300,626,654,614,653,4937655.0
678,1403687700,653,669,652,664,2908874.0
679,1403774100,677,677,667,667,1604893.0
680,1404033300,661,678,661,674,4806441.0
681,1404119700,674,678,666,670,2899451.0
682,1404206100,673,683,673,677,3379867.0
683,1404292500,682,683,666,680,4619684.0
684,1404378900,682,696,682,684,3575579.0
685,1404638100,684,701,684,693,4630796.0
686,1404724500,700,710,696,703,4050667.0
687,1404810900,696,710,696,710,8651473.0
688,1404897300,713,713,707,707,1601328.0
689,1404983700,710,724,705,724,4124561.0
690,1405242900,740,772,731,741,5502695.0
691,1405329300,755,755,733,740,1566568.0
692,1405415700,736,736,729,736,2425158.0
693,1405502100,740,746,729,735,1715986.0
694,1405588500,735,741,722,733,4694960.0
695,1405847700,748,762,740,759,4058043.0
696,1405934100,757,764,751,757,7868151.0
697,1406020500,751,770,741,770,14316919.0
698,1406106900,770,777,754,777,3276965.0
699,1406193300,774,774,757,769,3344464.0
700,1406452500,759,759,754,754,1016565.0
701,1406538900,742,757,742,757,334992.0
702,1406711700,754,757,747,748,2221369.0
703,1406798100,754,758,743,745,2430865.0
704,1407057300,754,754,747,749,2646321.0
705,1407143700,742,742,716,719,2159041.0
706,1407230100,732,740,724,724,5661566.0
707,1407316500,726,726,719,722,4098435.0
708,1407402900,724,724,716,716,2394843.0
709,1407834900,715,716,700,700,1300532.0
710,1407921300,692,726,691,710,4123745.0
711,1408007700,710,740,703,729,4225193.0
712,1408353300,740,741,722,726,8675235.0
713,1408439700,720,728,717,717,3376736.0
714,1408526100,717,719,696,701,6342850.0
715,1408612500,687,725,658,708,5298233.0
716,1408871700,708,731,707,716,2458336.0
717,1408958100,730,730,661,684,5257191.0
718,1409044500,696,698,644,644,7121833.0
719,1409130900,658,696,658,685,8116915.0
720,1409217300,699,733,699,699,8575647.0
721,1409476500,713,748,713,714,31549096.0
722,1409562900,713,713,690,696,9844599.0
723,1409735700,697,721,696,703,6767106.0
724,1409822100,696,699,689,695,4434153.0
725,1410081300,689,689,646,646,4030492.0
726,1410254100,652,692,652,685,2565567.0
727,1410340500,696,703,673,673,4543904.0
728,1410426900,666,673,652,655,3538666.0
729,1410686100,643,662,643,659,3538743.0
730,1410772500,658,680,655,666,3078103.0
731,1410858900,675,680,662,674,3687132.0
732,1410945300,682,682,666,666,3545597.0
733,1411031700,670,670,646,651,3744079.0
734,1411290900,641,642,627,635,2116652.0
735,1411377300,626,631,620,630,2810177.0
736,1411463700,642,658,636,641,2441100.0
737,1411550100,652,680,652,680,2577037.0
738,1411895700,680,689,675,680,2799873.0
739,1411982100,684,704,684,695,4620855.0
740,1412068500,695,698,683,694,2815794.0
741,1412759700,694,694,687,687,468731.0
742,1412846100,685,690,678,690,765309.0
743,1413105300,682,684,673,684,1241804.0
744,1413191700,671,671,652,658,2580889.0
745,1413278100,662,670,661,664,1293878.0
746,1413364500,666,678,666,678,903155.0
747,1413450900,682,689,674,678,1468564.0
748,1413710100,666,674,666,671,2453159.0
749,1413796500,671,673,666,673,1690188.0
750,1413882900,673,684,670,674,2054022.0
751,1413969300,685,686,671,682,1619745.0
752,1414314900,682,683,682,682,459410.0
753,1414401300,681,689,681,685,199757.0
754,1414487700,682,685,678,682,1494158.0
755,1414660500,682,689,668,674,2675083.0
756,1414919700,670,674,661,664,1122337.0
757,1415006100,650,654,638,638,3609510.0
758,1415092500,638,641,626,641,2709338.0
759,1415178900,629,643,629,640,7048227.0
760,1415265300,643,648,635,643,7847397.0
761,1415524500,648,653,638,642,11405357.0
762,1415610900,642,652,632,638,6358847.0
763,1415697300,638,638,631,638,6480436.0
764,1415783700,632,641,629,629,11671948.0
765,1415870100,649,649,639,639,99697.0
766,1416129300,626,626,593,607,2207758.0
767,1416215700,595,596,572,581,3608672.0
768,1416302100,569,591,555,591,2701875.0
769,1416388500,580,607,580,607,2059787.0
770,1416474900,619,626,603,617,2336023.0
771,1416734100,624,630,601,618,3916017.0
772,1416820500,610,612,607,608,1928600.0
773,1416906900,601,607,591,602,2931084.0
774,1417338900,600,603,597,597,1997334.0
775,1417425300,603,604,593,600,3087916.0
776,1417511700,597,597,581,597,3068844.0
777,1417598100,597,607,591,591,2228218.0
778,1417684500,603,610,599,608,3200977.0
779,1417943700,603,610,603,604,2869301.0
780,1418030100,603,606,603,606,1500343.0
781,1418116500,610,610,603,608,2352701.0
782,1418202900,597,619,597,610,1603191.0
783,1418289300,599,639,599,639,4212520.0
784,1418548500,652,691,652,691,940197.0
785,1418634900,692,710,668,692,4303951.0
786,1418721300,692,692,680,683,4072079.0
787,1418807700,670,680,666,666,2746326.0
788,1418894100,669,688,669,688,760070.0
789,1419239700,674,674,648,652,1761652.0
790,1419326100,640,642,639,639,1186312.0
791,1419412500,641,659,639,659,3401772.0
792,1419758100,672,672,659,664,2139519.0
793,1419844500,657,671,651,665,1564515.0
794,1420017300,653,658,646,646,2201448.0
795,1420103700,651,666,651,666,2499807.0
796,1420362900,666,671,663,667,2017379.0
797,1420449300,667,675,658,670,2388918.0
798,1420535700,661,661,658,658,436222.0
799,1420622100,666,674,664,669,1439543.0
800,1420708500,671,675,667,671,1269947.0
801,1420967700,668,668,658,658,1155101.0
802,1421054100,658,660,653,658,508534.0
803,1421140500,653,671,648,671,2031282.0
804,1421226900,666,671,663,664,672364.0
805,1421572500,671,673,663,673,1666835.0
806,1421658900,659,724,659,704,25307076.0
807,1421745300,690,692,686,692,3252238.0
808,1421918100,679,689,658,689,3094424.0
809,1422177300,678,696,666,692,2478726.0
810,1422263700,696,705,692,692,3363519.0
811,1422350100,694,701,692,701,1886334.0
812,1422436500,701,717,701,717,5620244.0
813,1422522900,721,721,707,715,2636326.0
814,1422782100,679,732,679,728,2541684.0
815,1422868500,726,733,722,728,6735952.0
816,1422954900,728,730,712,717,4699204.0
817,1423041300,719,719,710,714,4966043.0
818,1423127700,717,717,708,715,3848677.0
819,1423386900,710,716,710,714,1837525.0
820,1423473300,714,714,703,707,3131903.0
821,1423559700,707,709,707,709,1520253.0
822,1423646100,709,710,709,709,467253.0
823,1423732500,705,712,705,712,3197014.0
824,1423991700,710,712,708,710,2376675.0
825,1424078100,710,710,705,708,1655272.0
826,1424250900,703,705,701,705,1709167.0
827,1424596500,696,696,685,691,2550070.0
828,1424682900,678,689,676,689,3886946.0
829,1424769300,687,692,680,692,544402.0
830,1424855700,689,693,689,693,2068447.0
831,1424942100,696,696,682,683,506450.0
832,1425201300,682,689,675,685,1953334.0
833,1425287700,683,685,682,683,6831427.0
834,1425374100,685,685,682,685,341212.0
835,1425460500,696,696,687,689,1518448.0
836,1425892500,701,701,692,696,2367618.0
837,1425978900,692,700,689,690,1515682.0
838,1426065300,692,696,689,696,937567.0
839,1426151700,685,691,685,691,548448.0
840,1426410900,685,685,680,683,916528.0
841,1426497300,682,682,678,679,728099.0
842,1426583700,676,682,676,677,2038890.0
843,1426670100,667,681,667,675,2076084.0
844,1426756500,674,683,674,683,864832.0
845,1427015700,680,682,674,678,2550494.0
846,1427102100,676,676,670,674,2031398.0
847,1427188500,667,674,667,674,976899.0
848,1427274900,675,675,662,670,1980568.0
849,1427361300,670,670,660,664,1899934.0
850,1427620500,664,667,653,667,835140.0
851,1427706900,667,668,667,668,1592249.0
852,1427793300,670,671,666,666,847604.0
853,1427879700,660,666,660,666,243371.0
854,1427966100,666,671,658,671,1692027.0
855,1428225300,658,664,657,662,1929287.0
856,1428311700,667,667,649,667,756254.0
857,1428398100,664,664,664,664,140192.0
858,1428484500,667,673,662,673,688073.0
859,1428570900,678,685,674,676,674651.0
860,1428830100,690,696,674,689,1937406.0
861,1428916500,685,685,673,682,1848706.0
862,1429089300,685,685,673,673,782432.0
863,1429175700,674,692,669,692,1526293.0
864,1429434900,685,685,673,683,2106616.0
865,1429521300,678,689,674,689,1887478.0
866,1429607700,685,685,674,685,6627735.0
867,1429694100,680,680,667,674,2444907.0
868,1429780500,676,676,664,675,2669908.0
869,1432545300,662,662,608,608,700168.0
870,1432631700,596,601,569,586,7096162.0
871,1432718100,574,583,563,574,2040231.0
872,1432804500,568,579,559,568,3642487.0
873,1433063700,580,612,580,612,2867844.0
874,1433150100,621,654,621,646,2730473.0
875,1433236500,642,657,642,657,1840283.0
876,1433322900,666,677,660,677,1485934.0
877,1433409300,685,685,667,674,2335418.0
878,1433668500,678,679,674,678,1824096.0
879,1433754900,689,689,680,687,517474.0
880,1433841300,697,714,697,714,3287080.0
881,1433927700,707,711,703,704,4392310.0
882,1434014100,699,699,689,689,717437.0
883,1434273300,698,698,682,683,1172855.0
884,1434446100,685,685,674,674,637801.0
885,1434532500,674,674,668,668,2757231.0
886,1434618900,667,667,667,667,349201.0
887,1434878100,660,666,660,666,457371.0
888,1434964500,664,669,660,666,3163835.0
889,1435050900,661,667,658,667,2411810.0
890,1435137300,667,669,667,668,1422815.0
891,1435223700,669,669,657,669,3452798.0
892,1435482900,673,675,670,674,968395.0
893,1435569300,674,682,671,676,4133175.0
894,1435655700,685,685,672,678,2261053.0
895,1435742100,683,683,674,678,2624189.0
896,1435828500,674,678,674,678,3189185.0
897,1436087700,681,682,675,682,2416765.0
898,1436174100,674,683,674,683,970437.0
899,1436260500,676,685,675,679,4176149.0
900,1436346900,680,680,676,678,1674492.0
901,1436433300,682,683,674,682,1748806.0
902,1436692500,682,687,674,687,3026906.0
903,1436778900,683,686,677,683,1504860.0
904,1436865300,683,683,678,682,471576.0
905,1436951700,680,685,680,685,1367010.0
906,1437038100,685,685,675,678,2402208.0
907,1437556500,678,683,674,674,3831064.0
908,1437642900,685,714,674,714,7870774.0
909,1437902100,728,742,728,742,2421621.0
910,1437988500,758,816,758,816,59894160.0
911,1438074900,817,818,782,799,19756048.0
912,1438161300,791,799,791,796,9460659.0
913,1438247700,796,833,796,816,7013065.0
914,1438506900,829,833,816,820,7824164.0
915,1438593300,816,820,816,820,8013229.0
916,1438679700,816,820,807,813,8562372.0
917,1438766100,813,813,809,809,8320816.0
918,1438852500,818,831,813,816,12215602.0
919,1439111700,824,851,824,851,9414224.0
920,1439198100,859,885,859,884,10044242.0
921,1439284500,884,888,870,877,8046859.0
922,1439370900,877,881,863,878,6067679.0
923,1439457300,875,888,866,888,11076254.0
924,1439716500,895,941,895,922,12764599.0
925,1439802900,940,977,932,956,21363354.0
926,1439889300,959,989,937,959,21267540.0
927,1439975700,959,962,945,956,11040617.0
928,1440062100,974,992,956,958,13441936.0
929,1440321300,952,966,934,949,11196047.0
930,1440407700,952,952,924,927,10910870.0
931,1440494100,924,924,911,916,4268093.0
932,1440580500,916,918,908,908,1693153.0
933,1440666900,920,929,913,916,7546358.0
934,1441012500,916,924,916,923,7558348.0
935,1441098900,924,925,913,916,7041344.0
936,1441185300,906,906,873,881,8297275.0
937,1441271700,881,890,872,875,10088207.0
938,1441530900,865,879,852,870,10547692.0
939,1441617300,881,891,881,888,8976068.0
940,1441703700,905,905,898,899,7694771.0
941,1441790100,902,906,891,891,3218517.0
942,1441876500,893,893,886,888,4695414.0
943,1442135700,899,899,888,890,5586342.0
944,1442222100,908,934,908,916,7557830.0
945,1442308500,933,949,929,949,11624289.0
946,1442394900,963,966,947,950,12605856.0
947,1442481300,958,968,938,938,10581359.0
948,1442913300,924,924,884,891,8615307.0
949,1442999700,909,963,909,924,5910200.0
950,1443086100,927,927,906,915,4239841.0
951,1443431700,897,897,861,884,9960512.0
952,1443518100,902,906,899,902,2643193.0
953,1443604500,906,916,906,909,5501315.0
954,1443690900,908,916,906,906,6398600.0
955,1443950100,915,924,913,913,5509863.0
956,1444036500,895,895,852,866,12144160.0
957,1444122900,853,858,849,850,6900742.0
958,1444209300,849,849,822,834,6435820.0
959,1444295700,834,866,816,866,12018567.0
960,1444554900,874,881,843,843,6726186.0
961,1444814100,850,851,834,843,1676895.0
962,1444900500,838,838,836,838,851636.0
963,1445159700,834,838,834,838,837725.0
964,1445246100,836,863,833,852,1775111.0
965,1445764500,837,837,837,837,263626.0
966,1445937300,831,831,809,809,2815274.0
967,1446023700,794,806,778,796,5896462.0
968,1446110100,796,813,796,809,4769952.0
969,1446369300,809,816,799,808,4836695.0
970,1446455700,813,827,813,820,3078485.0
971,1446542100,813,813,805,806,1309387.0
972,1446628500,806,809,806,809,1275611.0
973,1446714900,802,802,799,799,1695640.0
974,1446974100,796,799,791,799,1784217.0
975,1447060500,813,824,806,809,2562703.0
976,1447146900,816,824,816,820,1098536.0
977,1447578900,809,818,808,818,1174824.0
978,1447665300,813,813,808,813,803895.0
979,1447838100,822,822,816,820,1968750.0
980,1447924500,816,816,813,813,2014860.0
981,1448183700,799,801,782,783,3491234.0
982,1448270100,774,785,746,785,2110618.0
983,1448356500,782,785,771,774,4168816.0
984,1448442900,767,767,755,757,1999659.0
985,1448529300,757,757,732,746,5097928.0
986,1448788500,746,746,710,717,8295312.0
987,1448874900,732,742,726,742,4118324.0
988,1448961300,757,789,757,782,3672870.0
989,1449047700,797,799,774,799,7963829.0
990,1449134100,783,816,783,816,12077914.0
991,1449393300,835,852,833,842,2939147.0
992,1449479700,857,903,857,877,4267388.0
993,1449566100,866,880,860,880,928635.0
994,1449652500,884,899,884,899,2947864.0
995,1449738900,899,899,880,880,2451876.0
996,1449998100,871,882,871,882,1721376.0
997,1450084500,875,875,871,875,1411812.0
998,1450170900,871,875,861,861,2537302.0
999,1450257300,857,864,857,858,1466075.0
1000,1450343700,861,861,838,853,22923748.0
1001,1450602900,849,854,841,848,3497588.0
1002,1450689300,841,845,833,833,4853100.0
1003,1450775700,837,852,833,852,14932621.0
1004,1450862100,848,852,833,843,5674911.0
1005,1450948500,839,848,838,841,13434821.0
1006,1451207700,833,843,833,833,8100317.0
1007,1451294100,833,843,833,843,4118391.0
1008,1451380500,843,858,843,858,2807566.0
1009,1451553300,859,866,859,861,2248294.0
1010,1451812500,857,861,845,852,2755655.0
1011,1451898900,857,857,833,833,3277417.0
1012,1451985300,833,847,833,833,5769621.0
1013,1452071700,834,837,832,832,3545937.0
1014,1452158100,834,841,833,841,3083640.0
1015,1452417300,838,845,838,843,1545391.0
1016,1452503700,849,849,843,846,4913875.0
1017,1452590100,848,848,843,848,2569792.0
1018,1452676500,848,848,840,840,4767819.0
1019,1452762900,848,861,843,857,7575002.0
1020,1453022100,866,880,866,875,5914723.0
1021,1453108500,891,910,889,889,13622360.0
1022,1453194900,880,894,871,889,2252185.0
1023,1453281300,889,896,887,890,5105082.0
1024,1453367700,889,889,883,883,2887743.0
1025,1453626900,880,884,872,877,3031545.0
1026,1453713300,889,889,880,889,6351779.0
1027,1453799700,880,882,874,879,4916604.0
1028,1453886100,880,880,873,873,4027589.0
1029,1453972500,875,880,871,875,2826382.0
1030,1454231700,880,880,871,875,4552544.0
1031,1454318100,876,891,876,883,4830507.0
1032,1454404500,891,893,875,880,5236398.0
1033,1454490900,880,883,877,880,2821945.0
1034,1454577300,883,896,883,888,5862167.0
1035,1454836500,903,912,894,896,6373153.0
1036,1454922900,896,896,887,889,5439953.0
1037,1455182100,889,894,880,885,4724118.0
1038,1455441300,881,881,875,880,5969605.0
1039,1455527700,871,880,868,880,2845507.0
1040,1455614100,871,875,871,871,1987209.0
1041,1455700500,871,874,870,874,7254663.0
1042,1455786900,875,879,874,876,4457605.0
1043,1456046100,876,891,876,883,5866393.0
1044,1456132500,880,916,880,906,6006900.0
1045,1456218900,917,919,899,903,8081234.0
1046,1456305300,903,908,887,887,5860257.0
1047,1456391700,869,891,869,890,6004743.0
1048,1456650900,891,893,889,889,3816669.0
1049,1456737300,889,889,880,883,7802935.0
1050,1456823700,880,887,880,880,6178895.0
1051,1456910100,882,883,880,880,10949590.0
1052,1456996500,883,883,875,880,7388894.0
1053,1457255700,891,895,884,884,8879120.0
1054,1457601300,891,891,875,880,7358402.0
1055,1457860500,880,883,877,882,9557256.0
1056,1457946900,884,884,877,877,3719968.0
1057,1458033300,880,880,871,875,3231727.0
1058,1458119700,875,883,873,877,6721102.0
1059,1458206100,874,884,874,880,6629353.0
1060,1458465300,880,889,880,884,9690486.0
1061,1458551700,898,898,884,889,7178610.0
1062,1458724500,889,894,888,891,13426159.0
1063,1458810900,894,920,894,919,27729756.0
1064,1459070100,922,980,922,978,38301364.0
1065,1459156500,993,1019,978,982,33127834.0
1066,1459242900,968,982,958,972,18858052.0
1067,1459329300,972,977,967,968,14671445.0
1068,1459415700,972,972,949,954,9498778.0
1069,1459674900,954,957,930,947,24774088.0
1070,1459761300,947,961,947,957,9680022.0
1071,1459847700,968,977,964,968,14310836.0
1072,1459934100,973,974,965,969,10052274.0
1073,1460279700,970,972,964,968,9332216.0
1074,1460366100,961,973,961,973,7840384.0
1075,1460452500,970,980,970,977,18876892.0
1076,1460625300,978,983,977,982,25571576.0
1077,1460884500,988,988,980,982,25446704.0
1078,1460970900,982,1007,982,1005,30177882.0
1079,1461057300,1019,1034,1017,1019,32962360.0
1080,1461143700,1038,1056,1038,1047,20792558.0
1081,1461230100,1042,1047,1028,1038,16983640.0
1082,1461489300,1042,1047,1035,1042,37979492.0
1083,1461575700,1033,1047,1033,1047,20042428.0
1084,1461662100,1044,1046,1033,1035,9828013.0
1085,1461748500,1028,1034,1021,1033,8924224.0
1086,1461834900,1038,1047,1036,1036,11277794.0
1087,1462180500,1042,1066,1042,1066,23259676.0
1088,1462266900,1069,1075,1057,1057,11988841.0
1089,1462353300,1051,1051,1042,1047,11926210.0
1090,1462439700,1033,1040,1019,1033,18034066.0
1091,1462698900,1053,1063,1047,1051,28308184.0
1092,1462785300,1050,1061,1050,1056,19003968.0
1093,1462871700,1056,1058,1048,1051,9388327.0
1094,1462958100,1051,1051,1038,1051,10891255.0
1095,1463044500,1050,1050,1039,1042,6949453.0
1096,1463303700,1042,1047,1036,1036,10706643.0
1097,1463390100,1041,1041,1031,1032,7424242.0
1098,1463476500,1016,1051,1016,1051,10238635.0
1099,1463562900,1050,1051,1047,1051,11709104.0
1100,1463649300,1051,1063,1047,1057,21263764.0
1101,1463908500,1061,1061,1051,1053,13588261.0
1102,1463994900,1054,1058,1054,1054,28382202.0
1103,1464081300,1058,1073,1044,1070,38551964.0
1104,1464167700,1049,1084,1044,1056,29061468.0
1105,1464254100,1042,1063,1033,1052,35119556.0
1106,1464513300,1054,1054,1042,1050,13689152.0
1107,1464599700,1047,1047,1034,1038,9692560.0
1108,1464686100,1047,1047,1025,1028,23389796.0
1109,1464772500,1031,1033,1019,1028,21302320.0
1110,1464858900,1024,1028,1015,1023,12883987.0
1111,1465118100,1019,1021,996,996,15205529.0
1112,1465204500,1005,1019,1005,1016,9163761.0
1113,1465290900,1019,1038,1019,1035,4162394.0
1114,1465377300,1038,1038,1031,1038,5610535.0
1115,1465463700,1038,1038,1033,1037,9997529.0
1116,1465722900,1028,1093,1019,1084,17311236.0
1117,1465809300,1105,1127,1057,1070,20175830.0
1118,1465895700,1070,1079,1056,1056,22809418.0
1119,1465982100,1066,1070,1056,1060,6700884.0
1120,1466068500,1058,1065,1056,1063,11330799.0
1121,1466327700,1063,1065,1047,1054,4371343.0
1122,1466414100,1054,1066,1054,1054,8484189.0
1123,1466500500,1054,1063,1054,1058,11823278.0
1124,1466586900,1079,1079,1061,1069,14915503.0
1125,1466673300,1075,1102,1058,1084,26374856.0
1126,1466932500,1093,1117,1089,1112,30816984.0
1127,1467018900,1112,1140,1112,1135,47320860.0
1128,1467105300,1135,1162,1135,1145,32058530.0
1129,1467191700,1153,1153,1135,1135,10319546.0
1130,1467278100,1125,1126,1103,1116,13848191.0
1131,1467537300,1112,1114,1107,1112,13827549.0
1132,1467623700,1112,1112,1102,1109,9616125.0
1133,1467710100,1112,1112,1099,1102,17229824.0
1134,1467796500,1107,1111,1098,1100,12792980.0
1135,1468142100,1112,1116,1103,1109,20977616.0
1136,1468228500,1112,1112,1093,1102,8423932.0
1137,1468314900,1089,1103,1042,1094,20478404.0
1138,1468401300,1075,1084,1057,1079,11223114.0
1139,1468487700,1079,1110,1077,1086,14604343.0
1140,1468746900,1086,1109,1086,1098,12446183.0
1141,1468833300,1109,1119,1098,1107,21019160.0
1142,1468919700,1121,1135,1107,1118,29446892.0
1143,1469006100,1124,1141,1116,1121,24993892.0
1144,1469092500,1112,1133,1112,1124,15659231.0
1145,1469438100,1144,1149,1128,1140,18352680.0
1146,1469524500,1153,1158,1133,1135,27691560.0
1147,1469610900,1144,1149,1135,1142,23713232.0
1148,1469697300,1130,1158,1128,1141,30079994.0
1149,1469956500,1119,1156,1097,1141,16909000.0
1150,1470042900,1144,1144,1121,1135,8390950.0
1151,1470129300,1116,1130,1112,1130,4907303.0
1152,1470215700,1117,1117,1100,1105,10379811.0
1153,1470302100,1105,1105,1075,1085,12396549.0
1154,1470561300,1089,1111,1084,1086,11900906.0
1155,1470647700,1067,1073,1038,1038,9487260.0
1156,1470734100,1058,1079,1058,1079,169896.0
1157,1470820500,1100,1121,1061,1089,18956598.0
1158,1470906900,1110,1110,1084,1093,10441434.0
1159,1471166100,1093,1112,1075,1084,16298436.0
1160,1471252500,1063,1066,1021,1047,9909932.0
1161,1471338900,1042,1061,1026,1058,8404366.0
1162,1471425300,1061,1067,1054,1061,9523645.0
1163,1471770900,1066,1070,1056,1061,7054613.0
1164,1471857300,1056,1066,1050,1055,8878252.0
1165,1471943700,1061,1061,1051,1060,7223530.0
1166,1472030100,1066,1067,1056,1066,8872259.0
1167,1472375700,1084,1084,1053,1077,13029048.0
1168,1472462100,1082,1102,1075,1075,18423590.0
1169,1472548500,1089,1102,1089,1097,5596846.0
1170,1472634900,1089,1095,1084,1093,8444392.0
1171,1472721300,1093,1101,1089,1095,10140880.0
1172,1472980500,1099,1121,1099,1116,7755384.0
1173,1473066900,1138,1149,1135,1145,16458607.0
1174,1473153300,1144,1156,1109,1135,16355069.0
1175,1473239700,1158,1181,1135,1143,98107296.0
1176,1473326100,1141,1143,1125,1129,27655492.0
1177,1473585300,1121,1130,1112,1116,13540532.0
1178,1473671700,1116,1114,1100,1107,17481728.0
1179,1473844500,1129,1135,1112,1116,44682160.0
1180,1474190100,1125,1125,1093,1098,42896116.0
1181,1474362900,1107,1107,1084,1089,128840752.0
1182,1474535700,1091,1091,1060,1069,28632852.0
1183,1474794900,1066,1066,1030,1030,23147540.0
1184,1474881300,1025,1079,1021,1079,11407103.0
1185,1474967700,1082,1082,1066,1072,10903695.0
1186,1475054100,1073,1073,1065,1069,4521961.0
1187,1475140500,1069,1090,1066,1086,12305331.0
1188,1475399700,1091,1091,1079,1079,15515221.0
1189,1475486100,1088,1091,1080,1083,6149993.0
1190,1475572500,1088,1096,1088,1091,18115130.0
1191,1475658900,1097,1097,1079,1084,6911952.0
1192,1475745300,1085,1091,1079,1079,11120402.0
1193,1476609300,1079,1091,1066,1073,4400529.0
1194,1476695700,1057,1079,1057,1075,7673020.0
1195,1476782100,1075,1091,1058,1084,7642271.0
1196,1476868500,1084,1088,1079,1084,5167734.0
1197,1476954900,1079,1084,1075,1082,6901183.0
1198,1477214100,1082,1082,1067,1069,14638161.0
1199,1477300500,1073,1073,1054,1054,16817148.0
1200,1477386900,1054,1055,1032,1048,4669854.0
1201,1477473300,1056,1057,1033,1054,10877092.0
1202,1477559700,1049,1064,1049,1064,5458621.0
1203,1478164500,1066,1088,1066,1066,9964081.0
1204,1478510100,1066,1066,1051,1054,6676857.0
1205,1478596500,1054,1066,1037,1045,6043611.0
1206,1478682900,1027,1040,1015,1035,9278487.0
1207,1478769300,1030,1036,1028,1030,13761650.0
1208,1479028500,1030,1042,1025,1032,15058528.0
1209,1479114900,1032,1049,1032,1043,7614113.0
1210,1479201300,1037,1045,1036,1040,7705468.0
1211,1479287700,1043,1043,1027,1027,9858181.0
1212,1479374100,1033,1033,1006,1012,14062233.0
1213,1479633300,992,999,967,988,13366094.0
1214,1479719700,982,1018,973,991,8490263.0
1215,1479806100,991,1003,973,988,11320422.0
1216,1479892500,985,985,967,969,13117089.0
1217,1479978900,973,975,963,966,9144092.0
1218,1480238100,959,962,933,942,6930596.0
1219,1480324500,924,994,878,994,16296759.0
1220,1480410900,994,1003,969,1003,12394357.0
1221,1480497300,994,1030,994,1025,12024877.0
1222,1480583700,1030,1050,1001,1015,11606864.0
1223,1480842900,1006,1012,969,1012,6694024.0
1224,1480929300,1006,1025,975,994,3895757.0
1225,1481015700,988,999,981,992,4599179.0
1226,1481102100,994,994,984,991,1473039.0
1227,1481188500,983,991,979,988,3761546.0
1228,1481447700,979,979,969,969,3403723.0
1229,1481534100,969,973,964,964,4969722.0
1230,1481706900,969,973,954,958,5455679.0
1231,1481793300,954,967,949,958,4740920.0
1232,1482052500,964,964,949,954,3812012.0
1233,1482138900,958,958,952,958,10275012.0
1234,1482225300,958,958,949,951,7425975.0
1235,1482311700,939,946,927,929,3281663.0
1236,1482398100,933,933,924,927,6408858.0
1237,1482743700,913,920,908,914,8433773.0
1238,1482830100,899,908,861,896,4927680.0
1239,1482916500,897,899,878,893,8701071.0
1240,1483002900,899,920,898,920,4618775.0
1241,1483262100,938,938,924,927,4522267.0
1242,1483348500,939,939,924,935,15644879.0
1243,1483434900,924,939,924,924,8597225.0
1244,1483521300,924,926,918,918,2067632.0
1245,1483607700,915,921,908,912,5996764.0
1246,1483866900,908,915,906,915,4007746.0
1247,1483953300,921,926,915,920,2013646.0
1248,1484039700,924,940,924,932,4767572.0
1249,1484126100,945,949,933,949,6055110.0
1250,1484212500,949,949,937,945,2950869.0
1251,1484471700,938,939,927,933,3403953.0
1252,1484558100,933,933,912,914,7624937.0
1253,1484644500,912,924,908,912,5376260.0
1254,1484730900,903,916,903,911,7195647.0
1255,1484817300,915,918,908,908,5132182.0
1256,1485076500,908,918,908,913,3899405.0
1257,1485162900,918,918,908,908,4114335.0
1258,1485249300,903,908,898,901,4204986.0
1259,1485335700,884,884,864,873,10765546.0
1260,1485422100,860,875,849,867,6182865.0
1261,1485767700,864,864,818,827,8074333.0
1262,1485854100,810,842,790,842,9516961.0
1263,1485940500,849,878,849,874,7859633.0
1264,1486026900,891,899,873,882,7584715.0
1265,1486286100,873,897,856,882,6786250.0
1266,1486372500,882,882,860,860,4340797.0
1267,1486458900,861,861,849,851,9914638.0
1268,1486545300,860,860,837,845,8090734.0
1269,1486631700,842,842,830,830,6272131.0
1270,1486890900,814,814,784,791,14011522.0
1271,1486977300,791,836,773,830,13845236.0
1272,1487063700,830,833,816,824,11483097.0
1273,1487150100,841,856,830,856,8353705.0
1274,1487236500,868,883,858,883,10487210.0
1275,1487495700,884,908,865,907,10008583.0
1276,1487582100,920,939,915,921,10701542.0
1277,1487668500,939,939,906,918,11166659.0
1278,1487754900,903,912,893,899,2668697.0
1279,1487841300,899,899,888,891,3804567.0
1280,1488100500,891,891,851,851,6396108.0
1281,1488273300,849,849,834,845,5800777.0
1282,1488359700,849,852,841,849,11164758.0
1283,1488446100,849,861,849,860,4725682.0
1284,1488705300,845,885,845,878,8177192.0
1285,1488791700,884,891,879,890,4608349.0
1286,1488878100,873,878,863,869,5539794.0
1287,1489050900,874,886,870,870,4130670.0
1288,1489396500,873,884,869,882,3285506.0
1289,1489482900,886,888,873,878,1915316.0
1290,1489569300,861,878,861,873,1697270.0
1291,1489655700,867,878,867,873,4443137.0
1292,1489914900,876,876,866,873,6376789.0
1293,1490001300,875,888,873,884,14260056.0
1294,1490087700,890,893,878,893,10733808.0
1295,1490174100,897,932,897,898,17352868.0
1296,1490260500,903,908,888,891,11985367.0
1297,1490519700,906,926,897,908,21374792.0
1298,1490692500,927,958,926,954,14939908.0
1299,1490778900,969,973,939,951,27102708.0
1300,1490865300,940,951,933,939,14417148.0
1301,1491124500,958,964,945,957,13276435.0
1302,1491210900,975,1040,939,956,22869486.0
1303,1491297300,966,966,939,958,13563800.0
1304,1491470100,946,958,943,951,8245588.0
1305,1491729300,954,960,933,950,7385098.0
1306,1491815700,945,954,939,954,12446164.0
1307,1491902100,968,986,965,969,13998180.0
1308,1491988500,989,991,965,979,12534107.0
1309,1492074900,960,969,949,964,7459895.0
1310,1492334100,949,964,933,943,4322896.0
1311,1492506900,933,943,918,918,4297204.0
1312,1492593300,936,936,908,933,5515991.0
1313,1492679700,933,951,933,940,6140096.0
1314,1492938900,958,999,958,969,11407337.0
1315,1493025300,958,969,954,969,6166829.0
1316,1493111700,951,967,951,964,4566075.0
1317,1493198100,951,957,949,954,3061470.0
1318,1493284500,958,958,943,958,5384806.0
1319,1493543700,939,958,936,936,9633051.0
1320,1493716500,933,936,930,930,3429508.0
1321,1493802900,949,967,945,950,5182596.0
1322,1493889300,951,951,941,945,4083872.0
1323,1494148500,945,945,924,930,4714292.0
1324,1494234900,948,948,921,933,3971279.0
1325,1494321300,945,958,939,945,3011911.0
1326,1494494100,947,951,945,945,3978166.0
1327,1494839700,954,956,945,945,4715139.0
1328,1494926100,945,945,931,944,2807319.0
1329,1495012500,944,945,939,945,3726553.0
1330,1495098900,949,949,933,941,7597996.0
1331,1495358100,930,945,930,939,1781063.0
1332,1495444500,936,945,930,930,1861984.0
1333,1495530900,939,945,933,939,5263308.0
1334,1495617300,933,943,933,943,4942351.0
1335,1495962900,939,941,930,932,6881274.0
1336,1496135700,928,936,908,908,5889853.0
1337,1496222100,908,918,903,908,7228002.0
1338,1496308500,913,924,906,908,12835468.0
1339,1496567700,909,909,891,897,12342355.0
1340,1496654100,915,915,897,908,5289655.0
1341,1496740500,927,927,908,920,11602029.0
1342,1496826900,933,933,917,918,15621467.0
1343,1496913300,912,918,908,916,4519550.0
1344,1497172500,916,916,891,891,8696037.0
1345,1497258900,879,896,879,884,13247054.0
1346,1497345300,884,896,882,884,7959100.0
1347,1497431700,884,884,878,880,14683520.0
1348,1497518100,884,911,883,897,6152815.0
1349,1497777300,897,897,881,884,4344434.0
1350,1497863700,884,884,875,878,8849746.0
1351,1497950100,879,882,870,874,6310001.0
1352,1498036500,878,884,878,884,5154186.0
1353,1498122900,899,899,879,880,4395632.0
1354,1498382100,888,903,888,902,5631708.0
1355,1498554900,906,908,899,903,5041657.0
1356,1498641300,908,908,899,908,6297580.0
1357,1498986900,908,908,884,896,4747003.0
1358,1499073300,896,897,891,893,2950564.0
1359,1499159700,896,896,891,894,3913274.0
1360,1499246100,894,899,893,893,3917663.0
1361,1499332500,893,908,893,908,4515175.0
1362,1499591700,918,924,903,908,10003820.0
1363,1499678100,911,912,903,905,8650555.0
1364,1499764500,908,915,908,913,5149860.0
1365,1499850900,915,921,915,920,3253148.0
1366,1499937300,918,924,916,923,3937594.0
1367,1500196500,918,927,908,927,4252129.0
1368,1500282900,933,969,933,967,17024712.0
1369,1500369300,969,999,969,992,19244020.0
1370,1500455700,1011,1012,999,1005,19929856.0
1371,1500542100,1011,1012,1003,1005,10370805.0
1372,1500801300,1009,1009,988,991,7507196.0
1373,1500887700,994,999,969,975,7144968.0
1374,1500974100,982,982,974,977,8532361.0
1375,1501060500,977,996,977,982,6025144.0
1376,1501146900,984,994,984,986,7437836.0
1377,1501406100,975,988,975,982,5415981.0
1378,1501492500,985,987,982,983,5153308.0
1379,1501578900,988,995,984,991,5439635.0
1380,1501665300,994,994,988,992,6401645.0
1381,1501751700,1012,1015,1001,1010,24987548.0
1382,1502010900,1030,1050,1030,1047,29894542.0
1383,1502097300,1067,1075,1060,1072,29822334.0
1384,1502270100,1075,1090,1075,1079,20874964.0
1385,1502356500,1078,1078,1052,1066,17059972.0
1386,1502615700,1067,1072,1058,1060,16651602.0
1387,1502788500,1055,1060,1042,1042,8286521.0
1388,1502874900,1045,1051,1038,1041,13087495.0
1389,1502961300,1041,1061,1036,1052,16670483.0
1390,1503220500,1054,1066,1050,1051,9749692.0
1391,1503306900,1049,1049,1040,1042,5057600.0
1392,1503393300,1042,1049,1041,1048,8946980.0
1393,1503479700,1049,1054,1049,1049,7827765.0
1394,1503566100,1048,1049,1041,1048,6902474.0
1395,1503825300,1068,1097,1064,1071,52719932.0
1396,1503911700,1075,1091,1066,1067,34814648.0
1397,1504084500,1069,1073,1043,1052,19041088.0
1398,1504170900,1058,1060,1030,1030,22170824.0
1399,1504516500,1031,1031,994,1009,21237636.0
1400,1504689300,1012,1040,1012,1026,32009456.0
1401,1504775700,1030,1030,1015,1015,46101872.0
1402,1505034900,1018,1023,989,990,46707304.0
1403,1505121300,994,999,977,988,98377384.0
1404,1505207700,983,983,949,949,24160812.0
1405,1505294100,933,948,932,944,9950389.0
1406,1505380500,958,964,947,959,14471598.0
1407,1505639700,964,999,964,991,13332471.0
1408,1505726100,999,1011,999,1007,10827799.0
1409,1505898900,1015,1015,999,999,8826201.0
1410,1506244500,996,1004,989,999,13365929.0
1411,1506330900,1007,1008,1002,1004,3910264.0
1412,1506417300,1008,1008,988,1007,9725834.0
1413,1507022100,996,1008,990,1008,2516689.0
1414,1507108500,1004,1011,991,991,8544213.0
1415,1507454100,991,991,956,970,8887556.0
1416,1507540500,975,975,956,959,10432731.0
1417,1507626900,956,965,948,959,3302741.0
1418,1507713300,959,963,955,956,8453652.0
1419,1507799700,959,959,951,956,9549496.0
1420,1508058900,966,971,956,971,2189689.0
1421,1508145300,975,1024,972,1024,10111473.0
1422,1508231700,1027,1028,1008,1014,10341207.0
1423,1508318100,1011,1019,1007,1017,7708191.0
1424,1508663700,1019,1024,1011,1013,1707287.0
1425,1508750100,1019,1019,1004,1008,2710281.0
1426,1508836500,1011,1011,996,1001,4585277.0
1427,1508922900,1008,1008,983,983,3640582.0
1428,1509268500,988,988,975,980,3727674.0
1429,1509354900,972,983,972,975,9036979.0
1430,1509441300,975,975,964,971,6598124.0
1431,1509527700,983,983,972,972,4978286.0
1432,1509614100,964,980,962,967,11744682.0
1433,1509873300,964,964,951,958,11720738.0
1434,1509959700,954,956,940,948,8457841.0
1435,1510046100,949,951,936,939,13616578.0
1436,1510132500,939,940,928,928,6270763.0
1437,1510218900,928,928,899,899,26030456.0
1438,1510478100,892,916,892,916,14460221.0
1439,1510564500,916,928,916,924,15910715.0
1440,1510650900,928,956,926,956,16657428.0
1441,1510737300,956,962,953,956,13400002.0
1442,1510823700,956,956,940,941,6934590.0
1443,1511082900,956,956,930,930,3747825.0
1444,1511169300,922,922,908,908,17070100.0
1445,1511255700,899,925,899,912,6229180.0
1446,1511342100,927,930,924,929,4461022.0
1447,1511428500,932,936,929,929,7437475.0
1448,1511687700,932,940,932,936,10996917.0
1449,1511774100,940,943,924,928,10295393.0
1450,1511860500,928,940,928,940,7446845.0
1451,1511946900,940,948,940,940,16658080.0
1452,1512033300,940,948,932,939,12003056.0
1453,1512378900,941,941,929,929,6444348.0
1454,1512465300,932,932,920,932,6036436.0
1455,1512551700,932,940,928,930,5886928.0
1456,1512897300,931,937,920,927,14096013.0
1457,1512983700,928,929,917,929,4059351.0
1458,1513070100,927,932,918,924,1382348.0
1459,1513156500,924,924,920,921,2919023.0
1460,1513242900,924,931,923,924,1625350.0
1461,1513502100,924,924,916,920,5347638.0
1462,1513588500,924,927,924,924,2248135.0
1463,1513674900,920,924,920,920,3427935.0
1464,1513761300,916,924,912,920,3861137.0
1465,1513847700,923,924,912,915,6118341.0
1466,1514106900,916,920,915,916,6103471.0
1467,1514279700,916,920,899,912,2914227.0
1468,1514366100,899,910,899,903,4027067.0
1469,1514452500,896,899,864,868,21452874.0
1470,1514711700,868,868,808,812,24646778.0
1471,1514798100,812,848,812,848,20202022.0
1472,1514884500,848,877,848,860,33080332.0
1473,1514970900,876,876,836,840,16584748.0
1474,1515057300,844,861,843,860,9842273.0
1475,1515316500,857,868,855,861,11752507.0
1476,1515402900,867,874,860,867,19288504.0
1477,1515489300,869,876,867,868,13299687.0
1478,1515575700,870,870,852,852,16521237.0
1479,1515921300,849,855,840,848,12544439.0
1480,1516094100,849,849,816,820,28781304.0
1481,1516180500,817,833,804,827,26870584.0
1482,1516526100,824,833,816,827,15643769.0
1483,1516612500,828,831,823,827,15569479.0
1484,1516698900,820,828,820,821,8551208.0
1485,1516785300,822,822,804,808,25238958.0
1486,1516871700,812,827,812,825,10609428.0
1487,1517130900,833,840,832,834,13223673.0
1488,1517217300,833,840,833,838,15377633.0
1489,1517390100,846,852,842,852,13466372.0
1490,1517476500,856,874,856,868,17315436.0
1491,1517735700,868,875,865,865,27101166.0
1492,1517822100,868,869,855,858,16409109.0
1493,1517908500,852,855,848,854,6156112.0
1494,1517994900,848,849,844,849,9943347.0
1495,1518081300,849,852,841,848,11645353.0
1496,1518340500,850,852,844,852,8524362.0
1497,1518426900,854,855,845,846,8159558.0
1498,1518599700,856,856,844,850,15902229.0
1499,1518686100,856,879,856,879,25885758.0
1500,1518945300,879,897,881,885,27256204.0
1501,1519118100,891,899,870,876,12940139.0
1502,1519204500,872,873,864,872,3563034.0
1503,1519290900,876,876,865,868,10987589.0
1504,1519550100,868,868,848,856,13920359.0
1505,1519636500,860,864,843,844,16418690.0
1506,1519722900,844,856,840,850,25816004.0
1507,1519809300,844,849,840,844,16737809.0
1508,1520154900,833,833,814,824,17497198.0
1509,1520241300,840,852,821,824,12454629.0
1510,1520327700,824,844,816,836,20915864.0
1511,1520414100,837,848,837,844,28295248.0
1512,1520759700,844,844,828,832,15411297.0
1513,1520846100,832,831,824,831,10610630.0
1514,1520932500,825,829,816,820,19103984.0
1515,1521018900,828,828,820,820,12403507.0
1516,1521105300,820,824,815,816,14381324.0
1517,1521364500,816,819,811,816,15637413.0
1518,1521450900,820,820,806,808,15316788.0
1519,1521537300,804,808,795,808,30196864.0
1520,1521623700,796,797,784,784,25679142.0
1521,1521710100,777,788,772,776,24475476.0
1522,1522055700,776,768,733,736,19633774.0
1523,1522142100,736,757,707,748,30103120.0
1524,1522228500,757,771,741,771,28842298.0
1525,1522314900,775,786,770,773,22887406.0
1526,1522574100,776,776,730,752,18192456.0
1527,1522660500,752,756,746,752,10286970.0
1528,1522746900,752,757,748,757,13550593.0
1529,1522833300,758,768,757,768,20528802.0
1530,1522919700,773,779,768,773,34007448.0
1531,1523178900,774,804,774,795,39762312.0
1532,1523265300,808,820,791,792,44017728.0
1533,1523351700,788,796,780,785,14772797.0
1534,1523438100,783,791,780,786,9936932.0
1535,1523524500,795,795,787,787,17621038.0
1536,1523783700,788,795,780,788,16270796.0
1537,1523870100,788,795,780,793,10401108.0
1538,1523956500,793,800,794,798,20121852.0
1539,1524042900,800,836,795,828,28699368.0
1540,1524129300,836,844,829,840,20770636.0
1541,1524388500,840,857,842,848,27641850.0
1542,1524474900,861,861,836,837,21368212.0
1543,1524561300,840,847,822,822,10652775.0
1544,1524647700,828,833,820,828,13814155.0
1545,1524734100,836,836,812,820,17287388.0
1546,1524993300,808,812,798,808,9393787.0
1547,1525252500,807,816,793,803,13683369.0
1548,1525338900,805,816,803,803,8432023.0
1549,1525598100,800,801,796,800,7992660.0
1550,1525684500,804,804,795,795,7581530.0
1551,1525770900,801,804,794,804,11188382.0
1552,1525857300,804,808,799,799,10025043.0
1553,1525943700,799,804,793,799,4041219.0
1554,1526289300,799,799,788,796,11161651.0
1555,1526375700,796,802,792,798,3262935.0
1556,1526462100,798,798,795,796,7599155.0
1557,1526548500,800,800,797,798,4141513.0
1558,1526807700,814,814,796,799,11791504.0
1559,1526894100,796,804,793,795,8026397.0
1560,1526980500,796,799,792,792,7944334.0
1561,1527066900,792,795,783,786,7001414.0
1562,1527153300,786,795,788,788,6590529.0
1563,1527412500,788,788,779,787,3803555.0
1564,1527498900,788,806,784,806,5293617.0
1565,1527585300,802,804,795,795,5260704.0
1566,1527671700,796,807,795,796,2960384.0
1567,1527758100,800,800,792,796,3968921.0
1568,1528017300,796,796,780,780,7268920.0
1569,1528103700,773,784,773,780,4758723.0
1570,1528276500,795,796,787,788,2337172.0
1571,1528362900,788,788,776,776,5853469.0
1572,1528622100,773,773,751,761,6554861.0
1573,1528708500,760,776,752,760,6226953.0
1574,1528794900,765,765,752,760,5460264.0
1575,1528881300,765,765,752,760,4555810.0
1576,1528967700,765,766,760,763,1138024.0
1577,1529226900,760,764,749,750,3735178.0
1578,1529313300,752,760,746,750,3404383.0
1579,1529399700,751,751,749,749,1611232.0
1580,1529486100,749,752,749,749,3943030.0
1581,1529572500,752,752,749,750,2727235.0
1582,1529831700,750,750,745,750,5310310.0
1583,1529918100,752,752,741,742,5831473.0
1584,1530004500,736,741,734,741,1369578.0
1585,1530090900,741,744,733,741,5887789.0
1586,1530177300,742,760,741,741,3063260.0
1587,1530436500,752,752,736,739,4929891.0
1588,1530522900,739,739,730,733,2792796.0
1589,1530609300,733,737,731,733,6617310.0
1590,1530695700,733,733,727,730,7155920.0
1591,1530782100,733,739,732,735,14692314.0
1592,1531041300,750,758,739,749,15187271.0
1593,1531127700,749,749,731,732,12713006.0
1594,1531214100,733,737,730,730,4542473.0
1595,1531300500,733,739,730,731,10614887.0
1596,1531386900,728,734,725,726,6162796.0
1597,1531646100,726,733,726,733,6306872.0
1598,1531732500,728,733,719,733,12478720.0
1599,1531818900,730,730,716,716,72939848.0
1600,1531905300,721,721,714,716,32217132.0
1601,1531991700,716,721,715,716,41569436.0
1602,1532250900,716,716,714,716,6986004.0
1603,1532337300,716,716,715,716,12764021.0
1604,1532423700,716,721,715,716,23609644.0
1605,1532510100,716,716,714,714,8155425.0
1606,1532596500,716,723,716,721,15056581.0
1607,1532855700,732,732,724,724,6362742.0
1608,1532942100,724,727,722,724,5899650.0
1609,1533028500,721,724,721,721,5846085.0
1610,1533114900,724,724,720,722,6780934.0
1611,1533201300,723,724,720,721,6309772.0
1612,1533460500,721,722,716,721,7281377.0
1613,1533546900,722,722,716,719,7546201.0
1614,1533633300,732,732,720,720,2428979.0
1615,1533719700,721,724,719,720,3031122.0
1616,1533806100,734,734,720,724,3770804.0
1617,1534065300,724,724,712,716,7179056.0
1618,1534151700,716,722,716,722,6124457.0
1619,1534238100,722,722,716,722,7262198.0
1620,1534324500,729,749,727,744,20957904.0
1621,1534410900,741,769,741,762,21000860.0
1622,1534670100,765,768,759,763,13274145.0
1623,1534756500,765,765,750,753,10863893.0
1624,1534842900,755,754,749,749,5807244.0
1625,1534929300,744,752,744,752,2577076.0
1626,1535015700,752,752,749,752,5629501.0
1627,1535274900,752,755,751,752,7100593.0
1628,1535447700,753,757,750,756,7250882.0
1629,1535534100,754,756,752,754,3766883.0
1630,1535620500,757,758,752,754,6213991.0
1631,1535879700,756,758,753,757,8366785.0
1632,1535966100,771,773,760,767,9072939.0
1633,1536052500,773,773,766,769,9833353.0
1634,1536138900,770,775,768,773,12153078.0
1635,1536225300,774,783,766,768,20212860.0
1636,1536484500,760,775,760,762,1044400.0
1637,1536570900,768,770,765,767,8991920.0
1638,1536657300,768,772,765,769,8302912.0
1639,1536743700,769,770,768,768,5200289.0
1640,1536830100,769,773,769,771,6524213.0
1641,1537089300,773,775,771,772,9079885.0
1642,1537175700,770,773,768,771,2409089.0
1643,1537262100,773,773,769,771,6366360.0
1644,1537434900,773,773,765,766,7863070.0
1645,1537694100,766,767,757,766,3849091.0
1646,1537866900,768,768,765,768,6305473.0
1647,1537953300,765,772,765,769,11337136.0
1648,1538039700,765,773,765,766,3700818.0
1649,1538298900,766,766,757,757,8601546.0
1650,1538385300,760,761,743,752,3073762.0
1651,1538471700,752,757,749,752,4665765.0
1652,1538558100,752,752,742,750,6042930.0
1653,1538644500,749,763,729,751,6088916.0
1654,1538903700,751,751,738,738,3740820.0
1655,1538990100,738,751,738,740,3888730.0
1656,1539076500,741,748,738,741,2897814.0
1657,1539162900,740,742,738,741,5113171.0
1658,1539249300,741,746,740,741,5971198.0
1659,1539508500,744,748,744,747,2265007.0
1660,1539594900,749,761,749,758,1488326.0
1661,1540113300,760,760,757,758,230720.0
1662,1540199700,758,764,757,758,2299977.0
1663,1540286100,760,765,757,765,2415673.0
1664,1540372500,765,773,761,766,3850684.0
1665,1540458900,766,766,761,761,1251970.0
1666,1540718100,761,761,748,750,2967109.0
1667,1540804500,748,752,748,749,3374686.0
1668,1540890900,749,752,749,749,2084712.0
1669,1540977300,749,758,749,758,2898295.0
1670,1541063700,749,756,749,753,1865432.0
1671,1541322900,754,754,747,749,2475006.0
1672,1541409300,748,749,744,747,3212191.0
1673,1541927700,757,757,714,725,2611202.0
1674,1542014100,724,724,714,720,4614154.0
1675,1542100500,728,733,728,732,960276.0
1676,1542186900,732,733,728,733,5032802.0
1677,1542273300,733,749,733,737,8761755.0
1678,1542532500,741,741,729,729,3571186.0
1679,1542618900,728,731,723,731,2957151.0
1680,1542705300,731,731,718,718,859915.0
1681,1542791700,709,721,708,721,4535716.0
1682,1542878100,724,728,716,716,5187571.0
1683,1543137300,720,720,715,715,4271501.0
1684,1543223700,715,715,707,707,6646683.0
1685,1543310100,705,716,705,708,4492985.0
1686,1543396500,710,716,707,708,6078745.0
1687,1543482900,705,708,702,702,3644417.0
1688,1543742100,700,700,689,689,4984747.0
1689,1543828500,692,697,686,687,3393784.0
1690,1543914900,684,684,669,684,15009121.0
1691,1544001300,684,684,676,677,8531415.0
1692,1544087700,676,676,661,676,6502997.0
1693,1544346900,679,682,676,678,4293679.0
1694,1544433300,681,684,676,679,8763112.0
1695,1544519700,681,684,672,681,4129502.0
1696,1544606100,681,684,673,677,3385027.0
1697,1544692500,678,681,674,674,5211643.0
1698,1544951700,683,683,676,679,10070586.0
1699,1545038100,683,691,676,686,23270584.0
1700,1545124500,686,686,682,683,5410762.0
1701,1545210900,684,684,676,676,7608882.0
1702,1545297300,681,682,673,677,2740665.0
1703,1545556500,684,692,684,692,9745109.0
1704,1545642900,692,698,689,691,5719097.0
1705,1545729300,692,692,681,686,1706548.0
1706,1545815700,692,692,684,688,7622333.0
1707,1545902100,697,700,689,689,7016773.0
1708,1546161300,690,699,689,690,4491039.0
1709,1546247700,699,699,684,684,7867727.0
1710,1546334100,685,687,677,677,5393116.0
1711,1546420500,683,683,676,676,5478044.0
1712,1546506900,677,681,669,669,10544957.0
1713,1546766100,673,675,665,666,7690910.0
1714,1546852500,667,668,665,665,4818266.0
1715,1546938900,666,668,665,666,4165514.0
1716,1547025300,668,668,664,664,4597381.0
1717,1547111700,666,675,664,665,5763567.0
1718,1547370900,677,677,667,667,3299696.0
1719,1547457300,668,672,661,666,4239922.0
1720,1547543700,670,670,664,670,2852623.0
1721,1547630100,683,683,669,673,3130932.0
1722,1547716500,673,673,666,672,2245054.0
1723,1547975700,672,676,672,676,2815221.0
1724,1548062100,670,675,666,671,3612489.0
1725,1548148500,669,673,669,670,1766395.0
1726,1548234900,671,676,667,667,4417904.0
1727,1548321300,671,671,668,668,2311176.0
1728,1548580500,668,669,662,667,7997592.0
1729,1548666900,665,666,662,664,2329682.0
1730,1548753300,661,665,661,661,6541683.0
1731,1548839700,665,669,665,666,3781150.0
1732,1548926100,667,672,667,669,4646491.0
1733,1549185300,670,673,668,669,4396030.0
1734,1549271700,666,667,657,660,5372431.0
1735,1549358100,661,665,661,661,2240562.0
1736,1549444500,657,660,657,659,3387303.0
1737,1549530900,659,665,658,661,3910278.0
1738,1549790100,661,661,653,656,2481872.0
1739,1549876500,661,661,655,657,4021991.0
1740,1549962900,658,661,657,657,2537391.0
1741,1550049300,661,661,651,654,3240930.0
1742,1550135700,653,657,651,651,2565329.0
1743,1550394900,660,660,642,642,6598991.0
1744,1550481300,649,649,619,624,29306812.0
1745,1550567700,632,633,617,632,7547844.0
1746,1550654100,632,632,621,628,8949734.0
1747,1550740500,631,639,628,639,17490132.0
1748,1550999700,645,645,631,633,15524983.0
1749,1551086100,633,636,628,632,31442444.0
1750,1551172500,624,624,605,613,7594024.0
1751,1551258900,612,615,608,613,3682010.0
1752,1551604500,616,616,607,608,6698950.0
1753,1551777300,608,616,608,609,4815343.0
1754,1551863700,609,614,607,612,7831240.0
1755,1551950100,615,616,611,614,5810461.0
1756,1552209300,615,616,612,616,1288570.0
1757,1552295700,619,624,616,621,12512284.0
1758,1552382100,629,642,629,642,10295803.0
1759,1552468500,647,652,638,638,19140486.0
1760,1552554900,641,642,632,638,6103583.0
1761,1552814100,638,651,638,644,16039916.0
1762,1552900500,648,651,644,644,14918892.0
1763,1552986900,644,646,641,645,1648281.0
1764,1553159700,644,644,632,633,14284090.0
1765,1553418900,633,643,633,635,9207181.0
1766,1553505300,633,639,633,635,11203091.0
1767,1553591700,633,635,630,635,6197882.0
1768,1553678100,636,638,633,633,12720024.0
1769,1553764500,635,641,632,637,9856220.0
1770,1554023700,638,640,631,635,11176795.0
1771,1554110100,636,637,633,635,19085052.0
1772,1554196500,636,641,633,640,24635672.0
1773,1554282900,652,652,635,646,22919594.0
1774,1554369300,646,649,641,649,13275960.0
1775,1554628500,651,653,643,653,19275276.0
1776,1554714900,656,674,651,660,19606880.0
1777,1554801300,661,669,660,663,10265251.0
1778,1554887700,668,668,656,660,6813088.0
1779,1554974100,662,663,657,657,6533933.0
1780,1555319700,657,666,657,666,2809035.0
1781,1555406100,668,690,666,683,5153152.0
1782,1555492500,691,696,683,690,9694622.0
1783,1555578900,700,723,700,723,13612956.0
1784,1555838100,727,774,727,773,27295990.0
1785,1555924500,785,803,774,785,29614668.0
1786,1556010900,781,794,766,786,14703304.0
1787,1556097300,786,798,771,783,6704830.0
1788,1556183700,794,799,783,785,9345361.0
1789,1556442900,790,795,779,779,9427010.0
1790,1556529300,781,785,773,774,8210442.0
1791,1556615700,777,777,759,764,7319706.0
1792,1556788500,758,763,754,756,5894896.0
1793,1557047700,752,753,741,745,8873845.0
1794,1557134100,754,763,744,759,7859882.0
1795,1557220500,764,775,758,758,7885028.0
1796,1557306900,763,763,749,755,7146176.0
1797,1557393300,769,769,748,750,2784972.0
1798,1557652500,750,754,741,750,6651684.0
1799,1557738900,754,763,750,753,2522270.0
1800,1557825300,749,758,747,757,3407452.0
1801,1557911700,757,767,753,759,4929691.0
1802,1557998100,759,766,754,754,6043553.0
1803,1558257300,763,763,741,752,11922500.0
1804,1558343700,758,758,741,741,5144705.0
1805,1558430100,740,749,738,749,3897783.0
1806,1558516500,764,764,745,750,1866996.0
1807,1558602900,752,754,745,750,5187731.0
1808,1558862100,765,765,745,749,6262755.0
1809,1558948500,745,749,745,749,2377261.0
1810,1559034900,741,753,741,746,2640463.0
1811,1559121300,749,749,747,749,2960987.0
1812,1559207700,764,787,756,756,8788855.0
1813,1559466900,745,757,742,744,5871817.0
1814,1559553300,745,745,741,743,2678160.0
1815,1559639700,752,752,740,740,3667255.0
1816,1559812500,742,742,737,739,6026957.0
1817,1560158100,732,751,732,737,4196740.0
1818,1560244500,736,737,732,733,7397383.0
1819,1560330900,730,734,727,732,8200600.0
1820,1560417300,732,744,730,738,9054875.0
1821,1560676500,732,733,725,726,41735592.0
1822,1560762900,726,728,720,728,9432768.0
1823,1560849300,728,728,719,726,7468976.0
1824,1560935700,740,740,716,726,2854232.0
1825,1561022100,726,726,718,724,3901813.0
1826,1561281300,732,732,717,718,5050185.0
1827,1561367700,720,721,716,721,3100965.0
1828,1561454100,718,723,714,723,4414714.0
1829,1561540500,723,723,716,717,7061745.0
1830,1561626900,718,727,713,713,23228548.0
1831,1561886100,719,719,700,700,25154868.0
1832,1561972500,699,700,696,700,7477168.0
1833,1562058900,697,700,691,699,8284329.0
1834,1562145300,702,713,691,709,7007493.0
1835,1562231700,710,714,709,712,9300702.0
1836,1562490900,714,718,705,705,5752019.0
1837,1562577300,705,705,700,702,3452581.0
1838,1562663700,702,719,701,719,10346850.0
1839,1562750100,717,727,715,724,16799846.0
1840,1562836500,725,735,725,734,15220318.0
1841,1563095700,735,738,732,736,6471354.0
1842,1563182100,737,743,713,713,49031636.0
1843,1563268500,748,748,707,714,29544242.0
1844,1563354900,714,726,714,725,15996395.0
1845,1563441300,732,732,721,724,13928268.0
1846,1563700500,721,723,714,715,17217810.0
1847,1563786900,723,731,716,718,17763112.0
1848,1563873300,723,723,716,721,12070377.0
1849,1563959700,727,727,718,724,16199775.0
1850,1564046100,720,724,714,718,10220337.0
1851,1564305300,721,721,710,711,15599697.0
1852,1564391700,714,718,712,716,9829367.0
1853,1564478100,716,718,714,715,9813546.0
1854,1564564500,714,718,714,715,7324894.0
1855,1564650900,716,718,714,715,10135586.0
1856,1564910100,716,716,710,713,9940757.0
1857,1564996500,709,714,709,714,8903571.0
1858,1565082900,709,709,704,705,70777992.0
1859,1565169300,705,709,699,705,8124418.0
1860,1565255700,708,710,702,705,10933776.0
1861,1565514900,703,703,697,699,8709485.0
1862,1565601300,698,700,698,700,2468829.0
1863,1565687700,698,703,697,698,10378079.0
1864,1565774100,699,699,691,695,16125850.0
1865,1565860500,698,700,696,699,18183084.0
1866,1566119700,705,705,695,695,11783467.0
1867,1566206100,695,699,692,694,8980817.0
1868,1566292500,698,698,693,694,7884228.0
1869,1566378900,693,695,691,694,11873326.0
1870,1566465300,694,697,693,693,6518272.0
1871,1566724500,688,696,688,692,6402361.0
1872,1566810900,692,692,678,691,20071936.0
1873,1566897300,689,696,688,694,5157959.0
1874,1566983700,696,705,687,687,3706280.0
1875,1567070100,688,691,685,687,7954672.0
1876,1567329300,688,689,684,686,7983149.0
1877,1567415700,686,686,674,676,5930403.0
1878,1567502100,676,691,669,691,7590782.0
1879,1567588500,696,697,687,693,13255595.0
1880,1567674900,707,707,693,696,7726947.0
1881,1567934100,694,697,691,692,8323691.0
1882,1568020500,691,694,687,692,4271322.0
1883,1568106900,689,691,684,686,6540003.0
1884,1568193300,683,689,683,689,4024382.0
1885,1568279700,687,688,683,687,9041002.0
1886,1568538900,687,691,677,677,5459896.0
1887,1568625300,674,674,662,662,8893850.0
1888,1568711700,665,689,665,669,8577842.0
1889,1568798100,683,696,680,691,6827636.0
1890,1568884500,699,699,687,687,11518575.0
1891,1569143700,685,687,680,683,6523724.0
1892,1569230100,679,685,678,678,5289044.0
1893,1569316500,678,678,675,678,6795480.0
1894,1569402900,678,683,677,677,3333634.0
1895,1569489300,678,680,674,677,3392142.0
1896,1569748500,678,678,670,671,3037662.0
1897,1569834900,678,678,673,678,3987990.0
1898,1569921300,681,693,679,689,2344450.0
1899,1570007700,693,696,687,689,3877021.0
1900,1570094100,694,694,686,686,4512856.0
1901,1570698900,683,690,683,687,627238.0
1902,1571044500,687,687,675,683,14144120.0
1903,1571130900,683,683,678,681,4244554.0
1904,1571217300,685,685,673,680,4184661.0
1905,1571303700,680,683,677,678,6951865.0
1906,1571562900,683,683,674,675,3524019.0
1907,1571649300,675,682,674,676,5134967.0
1908,1571735700,676,680,673,674,14809821.0
1909,1571822100,674,683,674,680,2652354.0
1910,1571908500,683,685,674,685,7501058.0
1911,1572513300,685,685,672,679,5393405.0
1912,1572772500,678,678,671,678,6800759.0
1913,1572858900,682,696,680,685,22271976.0
1914,1572945300,691,693,681,687,13971020.0
1915,1573031700,691,691,683,685,11611675.0
1916,1573118100,689,689,674,674,19835840.0
1917,1573377300,678,681,672,674,8595373.0
1918,1573463700,678,683,669,672,13470746.0
1919,1573550100,678,678,668,669,18030048.0
1920,1573636500,669,674,669,669,5621068.0
1921,1573722900,669,673,668,668,3192948.0
1922,1573982100,672,674,665,674,6200318.0
1923,1574068500,674,674,669,674,19832906.0
1924,1574154900,674,674,669,672,15329921.0
1925,1574241300,674,678,669,669,24461876.0
1926,1574327700,669,669,659,660,6401674.0
1927,1574586900,659,662,651,651,10195199.0
1928,1574673300,652,653,649,649,8617203.0
1929,1574759700,648,656,647,651,7108105.0
1930,1574846100,652,656,650,653,15111185.0
1931,1574932500,653,654,646,647,12743484.0
1932,1575191700,647,651,645,645,19691822.0
1933,1575278100,648,648,645,647,5332285.0
1934,1575364500,649,651,647,647,7793143.0
1935,1575450900,649,650,647,647,7948221.0
1936,1575537300,651,658,649,651,10737672.0
1937,1575796500,659,659,647,650,9005791.0
1938,1575882900,651,668,651,657,4513037.0
1939,1575969300,663,665,662,662,1895873.0
1940,1576055700,665,669,663,666,7394651.0
1941,1576142100,669,670,664,668,13571328.0
1942,1576401300,674,674,664,664,14201798.0
1943,1576487700,669,669,658,658,9759164.0
1944,1576574100,666,666,659,663,7838229.0
1945,1576660500,667,669,662,667,12779902.0
1946,1576746900,668,674,668,672,12647244.0
1947,1577006100,674,678,669,674,29036154.0
1948,1577092500,678,680,669,669,55957956.0
1949,1577178845,662,670,660,667,15219265.0
1950,1577265245,665,669,665,669,8153503.0
1951,1577351464,667,677,665,676,9770117.0
1952,1577610846,678,679,673,674,10016237.0
1953,1577697245,673,687,673,675,11519190.0
1954,1577783645,679,682,676,681,10266502.0
1955,1577870045,683,690,680,690,7437156.0
1956,1577956445,688,690,684,685,13735671.0
1957,1578215655,690,699,690,697,11916616.0
1958,1578302046,700,715,700,713,16704357.0
1959,1578388390,725,734,719,722,17667224.0
1960,1578474855,725,725,715,721,12883225.0
1961,1578561246,711,723,711,716,6898033.0
1962,1578820353,722,728,720,726,22238706.0
1963,1578906215,735,749,726,730,36186520.0
1964,1578993250,735,735,716,730,9134077.0
1965,1579079408,735,743,733,740,8283464.0
1966,1579165556,740,759,740,751,31313152.0
1967,1579422925,765,766,757,764,22587164.0
1968,1579511670,779,780,755,761,19603474.0
1969,1579598065,767,767,749,755,13492262.0
1970,1579684351,750,756,745,745,9566587.0
1971,1579770847,745,745,722,727,14402288.0
1972,1580030045,727,727,709,712,14935615.0
1973,1580116425,712,729,706,720,12688880.0
1974,1580202793,734,735,725,725,11093084.0
1975,1580289183,727,732,721,724,7633236.0
1976,1580375675,724,737,724,736,10794169.0
1977,1580634880,740,754,740,752,28186300.0
1978,1580721273,757,758,733,738,24608598.0
1979,1580807674,741,744,732,739,20084904.0
1980,1580894076,739,739,734,734,15333803.0
1981,1580980477,737,737,726,726,10340436.0
1982,1581239678,732,732,720,721,13329862.0
1983,1581326078,725,727,716,720,16839330.0
1984,1581412480,716,730,715,723,19884888.0
1985,1581498880,729,729,721,722,8502428.0
1986,1581585283,725,727,721,723,11739379.0
1987,1581844483,726,726,719,722,12932971.0
1988,1581930900,738,757,728,750,38530552.0
1989,1582017242,764,765,744,753,35781872.0
1990,1582103687,752,753,746,751,18305320.0
1991,1582190091,752,755,746,755,16371433.0
1992,1582448107,758,804,758,790,51665776.0
1993,1582535588,805,821,791,800,67052240.0
1994,1582621985,805,814,779,814,30262976.0
1995,1582708151,830,875,828,870,67927152.0
1996,1582794697,861,955,845,955,149393920.0
1997,1583053991,965,1000,936,940,119595648.0
1998,1583135108,918,939,850,850,57513888.0
1999,1583226690,835,910,815,888,130046360.0
2000,1583311338,888,888,838,847,91614288.0
2001,1583399654,831,852,813,840,65853296.0
2002,1583825356,824,824,776,776,48381648.0
2003,1583917845,791,822,766,815,66612156.0
2004,1583989262,831,831,784,790,52330868.0
2005,1584267300,780,787,748,750,53958320.0
2006,1584334862,741,764,723,750,41379236.0
2007,1584422123,765,765,721,731,34056348.0
2008,1584526445,731,739,700,715,31255824.0
2009,1584612843,701,740,690,730,40254872.0
2010,1584871982,744,744,700,701,10711884.0
2011,1589278500,687,687,680,680,1568632.5
2012,1589364900,667,667,660,660,288622.5
2013,1593425700,627,659,594,654,22166196.0
2014,1593512100,670,726,670,725,6120762.0
2015,1593594900,725,770,725,770,11613160.0
2016,1593672302,785,785,702,720,10767367.0
2017,1593940470,722,734,699,729,42413480.0
2018,1594026891,725,740,715,737,24070284.0
2019,1594113300,750,751,740,744,31126116.0
2020,1594199700,752,756,730,741,22396248.0
2021,1594286043,745,749,725,742,22279100.0
2022,1594545053,756,770,746,747,20670172.0
2023,1594631640,761,769,741,742,21192710.0
2024,1594718066,756,760,742,745,22359330.0
2025,1594804345,750,765,744,765,32648768.0
2026,1594890883,775,790,774,790,30413146.0
2027,1595136068,805,869,805,869,604099.0
2028,1595236496,912,955,816,879,104333832.0
2029,1595236500,912,955,816,879,104869768.0
2030,1595322900,885,886,857,865,60600624.0
2031,1595409285,860,875,846,846,44171652.0
2032,1595495690,846,854,831,850,46772268.0
2033,1595755376,860,870,853,861,50327556.0
2034,1595841268,870,882,860,860,90909056.0
2035,1595927604,872,872,854,854,44557820.0
2036,1596014050,855,855,840,845,38537876.0
2037,1596100228,842,854,840,851,34949016.0
2038,1596359700,840,850,820,820,52928980.0
2039,1596446082,809,828,808,824,34937444.0
2040,1596618895,824,824,810,819,40021376.0
2041,1596705270,859,859,801,814,17436076.0
2042,1596964483,815,815,800,813,29733956.0
2043,1597050875,825,840,810,832,39607700.0
2044,1597137271,847,847,825,830,24910632.0
2045,1597223680,844,844,821,836,19932024.0
2046,1597310064,877,877,820,825,30028322.0
2047,1597569264,835,835,810,822,23880844.0
2048,1597655673,822,824,815,822,13631013.0
2049,1597742064,833,840,824,830,16999400.0
2050,1597828468,815,825,814,822,14104730.0
2051,1597914884,812,822,812,817,8322334.0
2052,1598174087,824,824,814,824,11472416.0
2053,1598260227,833,835,825,830,18913880.0
2054,1598346810,839,840,823,830,19393752.0
2055,1598433296,839,850,830,841,36884764.0
2056,1598519444,841,855,841,845,19440692.0
2057,1598775497,850,850,835,839,9801586.0
2058,1598865261,840,846,832,839,41228200.0
2059,1599038063,839,866,839,858,58383100.0
2060,1599124464,861,864,849,860,46996808.0
2061,1599383662,903,903,854,855,48599328.0
2062,1599470064,863,863,842,849,16851726.0
2063,1599556463,858,858,840,846,18533892.0
2064,1599642864,846,846,839,844,30535484.0
2065,1599729206,849,868,844,845,22754668.0
2066,1599988385,855,855,845,849,27173750.0
2067,1600074627,855,870,852,856,27775574.0
2068,1600161270,839,864,853,856,24141296.0
2069,1600247674,858,858,850,853,13408729.0
2070,1600334066,853,865,851,859,26294196.0
2071,1600594527,876,895,870,880,64108048.0
2072,1600680885,892,892,876,883,54378128.0
2073,1600768657,888,890,870,872,45108672.0
2074,1600854042,866,877,866,874,26921676.0
2075,1600940608,866,877,866,875,20511292.0
2076,1601200167,880,883,870,874,20496240.0
2077,1601288078,885,885,868,871,15400876.0
2078,1601374911,875,875,862,864,17694728.0
2079,1601458989,864,875,857,859,19158320.0
2080,1601546409,860,869,860,867,26539772.0
